-0.6137865586684,-0.6276731599707269,-0.6407248471547254,-0.6529671915324787,-0.6644290326549686,-0.6751416324876764,-0.6851379509154405,-0.6944520289835538,-0.7031184675478834,-0.7111719901747409,
-0.8515899316469382,-0.8485394030600427,-0.8458661935508017,-0.8435042205574362,-0.8413984705882975,-0.8395033726530221,-0.8377813825864878,-0.8362017537910407,-0.8347394724902927,-0.8333743379108748,
-0.6052853692332734,-0.6304933873444325,-0.6529426788030743,-0.6729084849908507,-0.6906407132433292,-0.706366075306053,-0.720290064325237,-0.7325987806271027,-0.7434606160923641,-0.7530278064806986,
-0.654156746665368,-0.6668546590801028,-0.678288226690657,-0.688602020621902,-0.6979236061718805,-0.7063654517113078,-0.7140266398658092,-0.7209943995795246,-0.7273454760921776,-0.733147354410642,
-0.7887328074740924,-0.7832851320927794,-0.7788790698865524,-0.7753876628802708,-0.7726962435034128,-0.7707014819245805,-0.7693104835693761,-0.7684399372143638,-0.7680153134745784,-0.7679701130285205,
-0.7636324336966803,-0.7638782457420195,-0.7643791211298412,-0.7650876277298729,-0.7659633136498724,-0.7669717498868778,-0.7680836971457726,-0.7692743817512159,-0.7705228672757909,-0.7718115100280829,
-0.6723163083771604,-0.693588715766287,-0.7119630175946269,-0.727809105358016,-0.741451482463875,-0.7531746370625093,-0.7632278047189393,-0.7718291868858614,-0.7791696844004378,-0.7854161991359204,
-0.6749502326162614,-0.6964177935379458,-0.7153093839094493,-0.7318895558848673,-0.7463985641892669,-0.7590543871457092,-0.7700545959019781,-0.7795780819999046,-0.7877866528463482,-0.7948265040879406,
-0.7308244830630419,-0.7336230784944486,-0.7362661481120577,-0.7387903176775508,-0.7412238122536107,-0.7435879308691992,-0.7458983061397186,-0.7481659762904934,-0.750398293880284,-0.7525996927001815,
-0.5400625288501382,-0.5752452348977088,-0.6063695315219566,-0.6338664302168626,-0.6581238439635866,-0.679490680532301,-0.698280566330286,-0.7147752323526447,-0.729227591257809,-0.74186453224593,
-0.9523413025372317,-0.9275327863604217,-0.9059096043766753,-0.8871140320144768,-0.87082511583168,-0.8567551700571273,-0.8446465815972295,-0.8342688987474937,-0.8254161806136663,-0.8179045859062805,
-0.7876381616885223,-0.7955211564814834,-0.8020088400127944,-0.8072978809255154,-0.8115605749769246,-0.8149475818178047,-0.8175903809423727,-0.8196034730921374,-0.8210863511774265,-0.822125262725887,
-0.9729467229176174,-0.9606241325263909,-0.9492712461556083,-0.9388062591832144,-0.9291546153683308,-0.9202483531274064,-0.9120255103407295,-0.9044295825780453,-0.8974090300607489,-0.8909168290728949,
-1.000399639581689,-0.9847943948267951,-0.9704310926508004,-0.9572160362659183,-0.945061658801678,-0.9338862619376083,-0.9236137445677662,-0.9141733258294051,-0.9054992661307573,-0.8975305892016007,
-0.9980617257421852,-0.978053822655144,-0.9603803232930975,-0.944762228634867,-0.9309527700094143,-0.9187339016714593,-0.9079131499169365,-0.8983207849416002,-0.8898072846345902,-0.8822410622405923,
-1.089277303211756,-1.0565553166313435,-1.0277559555600435,-1.0024067663905634,-0.9800911986300179,-0.9604422031411854,-0.9431365330172353,-0.9278896736711916,-0.9144513359876504,-0.9026014529723555,
-1.0326817545782236,-1.0052210091527696,-0.9812285613402377,-0.960271527335901,-0.9419690057074551,-0.9259861403337455,-0.9120288255712026,-0.8998389879463567,-0.8891903850249727,-0.8798848678806068,
-0.8808682954250479,-0.8848424531142536,-0.887464917418428,-0.8889461784512165,-0.8894702904405272,-0.88919782088936,-0.8882684991704936,-0.8868035927406405,-0.8849080367309037,-0.8826723404327302,
-1.1773746100088371,-1.1355902442884698,-1.0988404196487915,-1.066514481831949,-1.0380737004790974,-1.0130431718384258,-0.9910045879846615,-0.9715897845706997,-0.9544749875990156,-0.9393756873961767,
-0.5308633587291437,-0.556238726031489,-0.5788880662189707,-0.5991334504188476,-0.6172585122272898,-0.6335128423632722,-0.6481159138687038,-0.6612605841093596,-0.6731162156704587,-0.6838314544175416,
-1.0137206527321803,-0.9871135860940804,-0.9639679268059835,-0.9438478242447186,-0.9263696629519093,-0.9111961286745425,-0.8980309136895221,-0.8866139959984709,-0.8767174333435852,-0.8681416187710532,
-1.1208981438510563,-1.0831905934401054,-1.050269832904288,-1.0215327657067281,-0.9964493198721303,-0.9745540523082724,-0.955438666605659,-0.9387453503105573,-0.9241608468148966,-0.9114111853133668,
-1.181690886049674,-1.138502114773517,-1.100572800375328,-1.0672630317388245,-1.0380082226147007,-1.0123106497914713,-0.9897318941977682,-0.9698860935554887,-0.9524339239670702,-0.9370772357884776,
-1.1829032214618038,-1.1411422469775454,-1.104381784571769,-1.0720154696366673,-1.043508525327975,-1.0183896752780204,-0.9962439253452501,-0.9767061257286899,-0.9594552333598491,-0.9442092022810823,
-0.9646774390718098,-0.9549032045390946,-0.9458601449390094,-0.9374740970958293,-0.9296797983465446,-0.9224198115281832,-0.9156435729333526,-0.9093065500287656,-0.9033694970699225,-0.8977977979547902,
-0.9602544770674206,-0.948856962609201,-0.9385009361907481,-0.9290662330101092,-0.9204481136454085,-0.9125552978308816,-0.9053082353501696,-0.8986375873939104,-0.8924828945087812,-0.8867914097767563,
-1.2005590637273673,-1.158363605820747,-1.1211313943403864,-1.08826254561153,-1.0592282828914708,-1.033562851893789,-1.010856310465859,-0.9907481028144556,-0.97292133736585,-0.9570976952422159,
-1.2300539512543593,-1.1815088190048346,-1.1389010013301708,-1.1015021828012863,-1.068670517560015,-1.0398408440955662,-1.0145159495769285,-0.992258777283866,-0.9726854808733857,-0.955459238493111,
-0.8732508971322408,-0.8742010874085909,-0.8745309862972834,-0.8743378248788359,-0.873706835569088,-0.8727125713399315,-0.8714200929419784,-0.8698860360170405,-0.8681595690554157,-0.8662832522792807,
-1.2173737323829756,-1.1697148621211975,-1.1279251275635267,-1.0912819573449521,-1.0591487610185186,-1.0309651823577286,-1.0062383995377298,-0.9845353659056038,-0.9654758952322983,-0.9487265046026185,
-1.205065795398757,-1.160775446144808,-1.1217791061594526,-1.0874363411251458,-1.0571822037868908,-1.0305187147562236,-1.0070072575034454,-0.9862617945562223,-0.9679428208646225,-0.9517519784237856,
-1.2135505068327563,-1.166476793395171,-1.1252136038572702,-1.089043213410526,-1.057333490453722,-1.0295281865713286,-1.0051382690549902,-0.9837341902210379,-0.9649389978973052,-0.9484222006605753,
-1.229588883686174,-1.1810894076000873,-1.1385159896028212,-1.1011424782449986,-1.0683288717346877,-1.0395115719588304,-1.0141946838703169,-0.9919422541860718,-0.972371353499781,-0.9551459151545136,
-1.2287535725191268,-1.180797477320205,-1.1386819881059924,-1.1016914296323062,-1.0691951140255032,-1.0406377170837504,-1.015530687663883,-0.9934445852575902,-0.9740022509194078,-0.9568727258585588,
-1.230981674950963,-1.1825763324480612,-1.1400689309982264,-1.1027375581126102,-1.0699459241141418,-1.0411336751935334,-1.0158077457399366,-0.9935346444678994,-0.973933578971464,-0.9566703325324651,
-1.2291400751191013,-1.1815380074087307,-1.139692726041311,-1.102901992964868,-1.0705467702392049,-1.0420818056085657,-1.0170272290390758,-0.9949610574638795,-0.9755125148467056,-0.9583560836489828,
-1.2370316201084688,-1.1884925791044025,-1.145832545602174,-1.1083338175319342,-1.0753636991390678,-1.0463648939904753,-1.0208469277045935,-0.9983784959701271,-0.9785806434251955,-0.9611206880711395,
-1.2384954351272803,-1.189353945790207,-1.1461962662722545,-1.108290170299151,-1.0749902183887479,-1.0457279514106126,-1.020003134498354,-0.997375944906908,-0.9774600075875975,-0.959916191516147,
-1.2396284615238244,-1.1903980918737134,-1.1471583087969144,-1.1091764038309349,-1.0758064848768052,-1.046479668484778,-1.0206953224872468,-0.9980132525801341,-0.978046736633315,-0.9604563197718806,
-1.2393763285214183,-1.1901165753712228,-1.146855019029326,-1.108857789126099,-1.0754779817047209,-1.0461458339144827,-1.02035995095487,-0.99767947868172,-0.9777171254833855,-0.9601329463120073,
-1.2394351771096355,-1.1902082390959923,-1.1469728782016846,-1.1089961759412024,-1.0756320601911296,-1.0463114938262705,-1.020533714100051,-0.9978584163315092,-0.9778987856438894,-0.9603152897642718,
-1.2392163967205208,-1.190249333922955,-1.1472255429003944,-1.1094189251554412,-1.0761893837661332,-1.0469731076028028,-1.0212738962951122,-0.9986554204781867,-0.9787343219433654,-0.9611740675044059,
-1.2397215753817852,-1.1904810972575013,-1.1472323070523336,-1.1092423756326752,-1.0758653032520307,-1.046532110491514,-1.0207420796767703,-0.9980549403614088,-1.4529372544672308,-1.3831328101904385,
-1.619893719153315,-1.5315051818725736,-1.4529536867467625,-1.3831530561389285,-1.3211333618211836,-1.2660290357177004,-1.2170681328209914,-1.1735626411090594,-1.1348997422853537,-1.1005339354413417,
-1.6199106371923595,-1.5315197090128305,-1.452966169848441,-1.3831637960432,-1.3211426186868305,-1.2660370338310458,-1.2170750649212274,-1.1735686722687926,-1.1349050133838536,-1.1005385662657308,
-1.6199282362700835,-1.5315342947185617,-1.452978174199138,-1.3831735958672557,-1.3211505420580747,-1.2660433658119734,-1.2170800526838244,-1.1735725296550887,-1.1349079249626925,-1.1005406909369826,
-1.6199457561255848,-1.5315503836991031,-1.45299292484193,-1.3831870983442864,-1.3211628835670446,-1.2660546301218303,-1.2170903198102054,-1.1735818756442493,-1.1349164217653374,-1.1005484063559843,
-1.6199383347570202,-1.5315467750840999,-1.4529924200654885,-1.383189091335199,-1.3211668580221794,-1.2660601479432536,-1.2170970108936525,-1.1735894288734448,-1.1349245770811578,-1.1005569477826032,
-1.6199517852547016,-1.5315559286115599,-1.4529980135238214,-1.383191757734222,-1.3211671396623526,-1.2660585080462603,-1.2170938438524792,-1.1735850692751586,-1.1349193076397088,-1.100551006304599,
-1.619976419856206,-1.5315733664078337,-1.4530094633544772,-1.3831982617403513,-1.321169593703401,-1.2660576798346979,-1.2170903890413292,-1.1735795457111455,-1.1349121879743505,-1.1005426891369854,
-1.6199623051973415,-1.5315606183725672,-1.4529979559960464,-1.383187879756816,-1.3211602316637565,-1.2660492414450308,-1.2170827864512868,-1.1735726988605242,-1.1349060239792166,-1.1005371417144418,
-1.6199736539680873,-1.5315710968381155,-1.4530076176137534,-1.3831967767572384,-1.3211684146983436,-1.2660567593192094,-1.217089685929688,-1.1735790245327928,-1.13491181817635,-1.1005424444669658,
-1.619981210356464,-1.5315819154395318,-1.4530209309303919,-1.3832119386268726,-1.3211848840559686,-1.266074085914458,-1.2171074977832008,-1.1735970169370293,-1.1349297440665245,-1.100560106005998,
-1.6199847363526814,-1.5315843032734364,-1.4530223796931958,-1.383212618969063,-1.3211849418256782,-1.2660736453650303,-1.217106664397671,-1.1735958799122785,-1.1349283784954223,-1.1005585747918132,
-1.6199881133380956,-1.5315867696323306,-1.4530240969527712,-1.3832137247237268,-1.3211855528985093,-1.2660738605867359,-1.2171065670459782,-1.173595539850206,-1.1349278540428056,-1.1005579143608148,
-1.6199966351821593,-1.5315962955877604,-1.453034326056352,-1.3832244062365515,-1.3211964794355526,-1.2660848620812775,-1.217117505456502,-1.1736063045267375,-1.1349383576781655,-1.1005680894599548,
-1.6200060473953768,-1.5316021149079373,-1.4530372122370612,-1.3832249222478503,-1.3211951039728238,-1.2660820005999023,-1.2171134998929656,-1.1736014418505203,-1.134932877404034,-1.1005621902369498,
-1.6200243480247403,-1.5316174755926308,-1.453050056210891,-1.3832356171743367,-1.3212039686812924,-1.2660893110622555,-1.2171194945209813,-1.1736063261857155,-1.1349368282650107,-1.1005653593826386,
-1.6200242887053287,-1.531618791172193,-1.4530524602994597,-1.383238866839702,-1.3212078587756393,-1.2660936692178806,-1.2171241767425462,-1.1736112129737248,-1.134941821211817,-1.100570378188285,
-1.6200312346066355,-1.5316299315392714,-1.4530668454177258,-1.3832556951166546,-1.3212264570626564,-1.266113475491648,-1.2171447248850398,-1.1736321194166297,-1.1349627732355367,-1.1005911236876516,
-1.6200348317294848,-1.5316315489886527,-1.4530668541172687,-1.3832544120105286,-1.3212241519937802,-1.2661103772824276,-1.2171410267059002,-1.1736279835191679,-1.1349583351194836,-1.1005864957638718,
-1.620037742825803,-1.531634217075726,-1.4530693051038315,-1.3832566686098413,-1.3212262341200192,-1.266112302400539,-1.2171428101400816,-1.1736296387245801,-1.134959873921297,-1.100587928567308,
-1.6200454887813294,-1.5316404333787976,-1.4530742458921044,-1.383260550965999,-1.3212292429592103,-1.2661145947624515,-1.2171445189537295,-1.1736308761064733,-1.1349607340610126,-1.1005884902485539,
-1.6200368194535884,-1.5316314270605036,-1.4530650772267621,-1.3832513620256446,-1.3212201479853976,-1.2661056843013982,-1.217135863456486,-1.1736225290572126,-1.1349527346895998,-1.1005808658773317,
-1.6200464133536052,-1.531642385656786,-1.4530769961292185,-1.3832639055778508,-1.321233039657353,-1.266118698280547,-1.217148817299306,-1.173635277278477,-1.1349651631797844,-1.1005928870505743,
-1.6200643824570502,-1.5316582940355927,-1.453091098311745,-1.3832764243394085,-1.3212441698769297,-1.2661286103487794,-1.2171576601272966,-1.1736431809519172,-1.1349722412981356,-1.1005992387868797,
-1.6200649210087306,-1.5316586809697106,-1.453091362141235,-1.3832765891627636,-1.3212442559785351,-1.2661286347253853,-1.2171576369489745,-1.1736431219649894,-1.1349721561767658,-1.1005991354392957,
-1.6200629571553715,-1.5316579539157247,-1.453091639517318,-1.3832776722099251,-1.321245975306763,-1.2661308465570873,-1.217160219796587,-1.1736459736968705,-1.1349751914299337,-1.1006022833415863,
-1.620062628094209,-1.5316565705136822,-1.4530894197496063,-1.3832748016234997,-1.3212426111530235,-1.2661271214515808,-1.2171562449548743,-1.1736418417911505,-1.1349709791067681,-1.100598053437174,
-1.6200678094311458,-1.531663393939526,-1.4530974949919282,-1.3832837992031015,-1.321252254414354,-1.2661371795290908,-1.2171665265748388,-1.1736521898183516,-1.1349812657544711,-1.100608176067015,
-1.6200655608124275,-1.5316603561635673,-1.453093856640354,-1.3832797192713362,-1.321247866200422,-1.2661325940664745,-1.2171618356581368,-1.1736474686657312,-1.1349765753465202,-1.100603565197639,
-1.6200683572247858,-1.531664055156165,-1.4530982417794387,-1.3832846081418881,-1.3212531059072778,-1.266138057268688,-1.2171674170786553,-1.1736530820243214,-1.13498215066909,-1.1006090464599056,
-0.8161663965493702,-0.8180637472675713,-0.8194138513697459,-0.8203107982954203,-0.8208354602282022,-0.8210571292162291,-0.8210349706077794,-0.8208193116427268,-0.8204527822722935,-0.8199713236627003,
-0.6388353318338379,-0.6478254607046511,-0.6566316474610707,-0.6652027907900986,-0.6734998792643133,-0.6814941097837467,-0.6891652515276989,-0.6965002270095627,-0.7034918847982463,-0.7101379411578655,
-0.5817530450478704,-0.6057804302242769,-0.6273278062489093,-0.6466447977440799,-0.6639564057110064,-0.6794653937727322,-0.6933544472894584,-0.7057881265140469,-0.716914633035244,-0.7268674070040869,
-0.6400434073540926,-0.6588616788474415,-0.6754483733559593,-0.6900674522710812,-0.7029527277173098,-0.7143111389261382,-0.724325692139801,-0.733158096544085,-0.7409511257925925,-0.747830731994843,
-0.7262756333790724,-0.7315575993975512,-0.7366305436468551,-0.741477900723267,-0.7460893882897363,-0.7504598044716649,-0.754588012924686,-0.7584760896874391,-0.7621286091656252,-0.7655520494579963,
-0.5886316011570771,-0.6064813858780511,-0.6229266311729443,-0.6380697040667445,-0.6520065165677696,-0.6648268226883368,-0.6766145142628578,-0.6874479136786982,-0.6974000619406422,-0.7065390007595506,
-0.7785724515627358,-0.7828869572223977,-0.7869078117071614,-0.7906257281896135,-0.7940380410090372,-0.7971473743535924,-0.7999605117917635,-0.8024874406759667,-0.8047405484503217,-0.8067339505861989,
-0.8429669880786346,-0.8399025712186572,-0.8369935944567531,-0.8342523618922593,-0.8316857815475414,-0.8292964387429329,-0.8270835029290332,-0.8250434902367889,-0.8231709013499685,-0.8214587519362199,
-0.8041710046658982,-0.8002060047423647,-0.7970575155337783,-0.7946068430830084,-0.7927499136563434,-0.7913956736064622,-0.7904646466595635,-0.7898876348026806,-0.7896045500009198,-0.7895633649634565,
-0.9079217998985502,-0.8992596843436731,-0.8914689109267757,-0.8844452704159109,-0.8780981457227227,-0.8723487401372203,-0.867128526445834,-0.8623778910099569,-0.8580449497318009,-0.8540845153913492,
-1.0921480826516738,-1.060272013601583,-1.0321522930406217,-1.007343632805154,-0.9854518230915257,-0.9661282047721927,-0.9490646966902264,-0.9339893269751129,-0.9206622216273065,-0.9088720075206156,
-0.8638782143709189,-0.8605828998916532,-0.8573698030245699,-0.854253651538565,-0.8512458176207714,-0.8483547848694821,-0.8455865616661141,-0.8429450464118466,-0.8404323495969889,-0.8380490771995814,
-0.9216362489175375,-0.9168020367400388,-0.911776713904465,-0.9066442216010868,-0.9014742944973527,-0.8963243532354029,-0.8912411751514714,-0.8862623669626492,-0.8814176608036453,-0.8767300528538078,
-1.0130455103660108,-0.9965098447756081,-0.9813738810716135,-0.9675135514868334,-0.9548158078296627,-0.9431776919800327,-0.9325054775845323,-0.9227138781595012,-0.9137253170913425,-0.9054692552881057,
-0.6800688809282154,-0.7072428058381955,-0.730536324318918,-0.7504251635275061,-0.7673313841040459,-0.7816290987822787,-0.7936496103026612,-0.8036860248434915,-0.8119973920175588,-0.818812417762058,
-1.064807940361087,-1.0423105048978212,-1.021903441118711,-1.003380827465949,-0.9865577985731064,-0.9712683599997691,-0.9573634292828274,-0.9447090802176625,-0.9331849695751281,-0.9226829275338488,
-1.0750528082335111,-1.056866350824527,-1.0398795423428706,-1.0240120273932019,-1.009189362435292,-0.9953424926548277,-0.9824072849197353,-0.9703241102326263,-0.959037469853323,-0.9484956599466953,
-0.981552303158132,-0.9680617875610091,-0.9556114904692538,-0.9441263417862155,-0.9335355661732351,-0.9237726145152446,-0.9147750657022676,-0.9064845048234182,-0.8988463830503842,-0.8918098637581627,
-0.648224279863918,-0.6678157377660905,-0.685304582585376,-0.7008934265507782,-0.7147671801223846,-0.7270944473581372,-0.7380288243763363,-0.7477101064610405,-0.7562654091538801,-0.7638102084670901,
-1.0250458650367937,-1.0030760677410715,-0.9835497089784337,-0.9661868153433684,-0.9507387236569147,-0.9369847508204773,-0.9247291977501668,-0.9137986558076786,-0.904039586960495,-0.8953161514839281,
-0.7685265874437123,-0.77301875244226,-0.777101024315075,-0.7808021552981999,-0.7841498074529333,-0.7871704570345505,-0.7898893284025557,-0.7923303528669884,-0.794516148432183,-0.7964680169061716,
-0.7362567622213169,-0.7574692582474084,-0.7754497720378271,-0.7905983775727361,-0.8032710755640589,-0.8137842330336132,-0.8224186124971065,-0.829423025226235,-0.8350176404919325,-0.8393969802839399,
-0.8809757140935934,-0.8790327008657342,-0.876764718488787,-0.8742537688104776,-0.8715690515646477,-0.8687686397700954,-0.8659009589354109,-0.8630060910621806,-0.8601169223713478,-0.8572601517978398,
-0.7219783701399067,-0.7427760222844239,-0.7605519031562527,-0.7756747926336495,-0.7884723320046074,-0.7992353531119265,-0.8082217732125963,-0.8156600970683862,-0.8217525640256432,-0.8266779744027742,
-1.0479053548900927,-1.0190905286435985,-0.9938507205484948,-0.9717442114024074,-0.95238209593454,-0.9354222719284347,-0.920564074846262,-0.9075434928776788,-0.8961289034736647,-0.8861172780233681,
-0.8363413569077789,-0.8421191096317237,-0.8465390158581811,-0.8497998958629619,-0.8520763342613803,-0.8535213158300781,-0.85426859935437,-0.8544348534863214,-0.8541215765751446,-0.8534168205646019,
-1.020797380415334,-0.9973887473150156,-0.976875932516952,-0.9588889456475185,-0.9431035848903313,-0.9292361102412877,-0.9170384923892794,-0.9062941797426396,-0.89681433140647,-0.8884344687553712,
-1.048949958036114,-1.0204245244706447,-0.995270645874933,-0.9730954540116259,-0.953550595009446,-0.9363273810016172,-0.9211524443701963,-0.9077838454432979,-0.89600758899038,-0.8856345089766765,
-1.0614085105684756,-1.036683652991708,-1.0146334651501177,-0.9949518838071673,-0.9773678222547748,-0.9616413245208011,-0.947560118717446,-0.9349365308061723,-0.9236047235461197,-0.9134182285933404,
-0.7603756400630274,-0.7706771587777254,-0.7794375005883747,-0.7868540814995014,-0.79310129839231,-0.7983330289544914,-0.802684876272858,-0.8062761827189477,-0.8092118355109883,-0.8115838842826079,
-0.8638834862436104,-0.862148578093157,-0.8601452863484096,-0.8579507887878616,-0.8556289594402338,-0.8532322722086471,-0.8508034626330173,-0.8483769756845871,-0.8459802245410797,-0.8436346826313306,
-0.884250065486856,-0.880259967869019,-0.8762788246907243,-0.8723495100675908,-0.8685056841802878,-0.8647732389917897,-0.8611715488017448,-0.8577145493759271,-0.8544116667416517,-0.8512686143654425,
-0.9152415514219862,-0.9013425920598943,-0.8892333909047169,-0.8786944888447172,-0.869531476099492,-0.8615723642510142,-0.8546652082816713,-0.8486759575335413,-0.8434865160077794,-0.8389929938479649,
-0.8706763180874735,-0.8618707163477134,-0.8543404096575697,-0.8479137709640441,-0.8424401785433893,-0.8377876604444828,-0.8338407842498654,-0.8304987680973561,-0.8276737911548463,-0.8252894837880391,
-1.1002817567562262,-1.0711275260975115,-1.0453497220699222,-1.022529869264139,-1.0023010447983278,-0.9843417881391091,-0.9683706917772313,-0.9541416010781594,-0.9414393587137534,-0.93007603551146,
-0.9645993001812974,-0.9523499781706353,-0.9412890616947909,-0.9312797614276025,-0.9222017648865429,-0.9139493110505916,-0.9064294775179539,-0.8995606581888984,-0.8932712115954372,-0.887498261942001,
-0.8358615053552234,-0.8439098132043972,-0.8502379936224856,-0.8550949602531914,-0.8586983313323254,-0.8612380511799171,-0.8628796201262889,-0.8637669725108873,-0.8640250386413287,-0.863762023180211,
-0.8063845783271256,-0.8077907825540643,-0.8092613212759641,-0.8107450470521548,-0.8122015435283172,-0.8135995068113371,-0.8149153303365821,-0.8161318708018125,-0.8172373749516691,-0.818224549010586,
-1.012984866848424,-0.9944074843438748,-0.9778441181552706,-0.9630549826767943,-0.9498287928327271,-0.9379795353547683,-0.9273435835818669,-0.9177771215655122,-0.9091538464522081,-0.9013629210259123,
-1.088401855777946,-1.0560100905500354,-1.0278065881982992,-1.003242657102006,-0.981838650798334,-0.9631757680489503,-0.9468887686229577,-0.9326595086559161,-0.9202112089319846,-0.9093033780446571,
-0.847658303120672,-0.8542002561491195,-0.8592046326304247,-0.8628990205887177,-0.8654821328268067,-0.8671271627462276,-0.8679847764432946,-0.868185777976312,-0.8678434811990192,-0.8670558183653297,
-1.039352231905428,-1.0193236838320334,-1.0013729322774922,-0.9852569785692843,-0.9707619356363635,-0.9576996464072967,-0.9459046752285035,-0.9352316334816099,-0.9255528043816847,-0.9167560353910238,
-0.9590254576070738,-0.9433703588171989,-0.9296427734224157,-0.9175904032626864,-0.906993330203455,-0.8976600708329856,-0.8894240828987849,-0.8821406750576521,-0.8756842763609332,-0.86994602629204,
-0.9310081423503239,-0.9249403697061205,-0.9192629147536445,-0.9139236807118889,-0.9088796252055513,-0.904095310677798,-0.8995416607956495,-0.8951948964667674,-0.891035628171121,-0.8870480840641398,
-0.7691102132398114,-0.7863920045626582,-0.800942243954582,-0.8131002102226419,-0.8231680033374846,-0.8314142475892122,-0.8380774594764914,-0.8433691073998474,-0.8474763883699812,-0.8505647451768407,
-1.1928276940605627,-1.1496105589155468,-1.111540050557534,-1.078001879990841,-1.0484526817456854,-1.0224122127525646,-0.9994563646527368,-0.9792109092223912,-0.9613459040989281,-0.9455706928437345,
-0.8854589248367098,-0.8832814375973115,-0.8811832370896713,-0.8791361632256696,-0.8771191278953828,-0.8751168771834373,-0.8731189300452442,-0.871118671533986,-0.8691125811087815,-0.8670995787474413,
-1.07751073678378,-1.0486307075891668,-1.023278062582083,-1.0010043334540464,-0.9814168631233864,-0.9641721724443265,-0.9489700743625042,-0.9355484558253131,-0.9236786557848952,-0.9131613748979572,
-1.1626186575174393,-1.1254471995929203,-1.0925233918259418,-1.0633463336883786,-1.0374734507656158,-1.0145139377425383,-0.9941229063503256,-0.975996166091446,-0.9598655725804569,-0.9454948847116584,
-1.1364085363206198,-1.1033148445384582,-1.0737954908541567,-1.047454339130859,-1.0239386996774025,-1.0029346964319132,-0.9841631117625063,-0.9673756613200691,-0.952351655951736,-0.9388950118336542,
-1.043906109613044,-1.021491492423913,-1.0015657594523686,-0.9838330060012842,-0.9680320819423365,-0.9539327052114208,-0.9413319846559721,-0.9300513116505269,-0.9199335836937801,-0.9108407266610951,
-1.060327826473023,-1.0340703649827656,-1.0109305143257756,-0.9905275752811468,-0.972525514489452,-0.9566280561379102,-0.942574275962976,-0.9301346496449818,-0.9191075119454484,-0.9093158868554768,
-1.154726633277553,-1.116679548610009,-1.0827591915579422,-1.0525230045757137,-1.0255751918856617,-1.001561877825487,-0.980166752688705,-0.961107158773774,-0.944130573728896,-0.9290114522701093,
-0.5813789725511215,-0.6031169719974712,-0.62291329465913,-0.6409238844027855,-0.6572941260507971,-0.6721593354354612,-0.6856452553796559,-0.6978685524921074,-0.7089373104692976,-0.7189515163087488,
-1.0349423561524973,-1.0143837926207704,-0.9960586728231983,-0.9796884668482423,-0.9650309349155657,-0.9518754917965884,-0.9400391351433234,-0.9293628731706808,-0.9197085940535783,-0.9109563256254215,
-1.040521915663806,-1.0154652048441244,-0.9934280613119514,-0.9740386046943454,-0.9569691171584929,-0.941931100731452,-0.9286708526297336,-0.916965507808924,-0.9066195026038563,-0.8974614175898881,
-0.9110686265173703,-0.9046114622271751,-0.8984597738877128,-0.8926176872543938,-0.8870850992644354,-0.8818584978407444,-0.8769316642534879,-0.8722962722237995,-0.8679423964514689,-0.863858941887554,
-1.1249172245365948,-1.0900096928829421,-1.0592548399866084,-1.032155513411511,-1.0082718527786272,-0.9872150503976208,-0.9686417503502415,-0.9522490247175699,-0.9377698711666771,-0.924969181169144,
-0.5928163580952782,-0.6121677590650806,-0.6296630661356227,-0.6454836090248512,-0.6597935093330769,-0.6727412092638902,-0.6844608772504898,-0.6950736990638275,-0.704689062518369,-0.7134056434403728,
-0.9587339092233683,-0.9377399944561083,-0.9193705624612228,-0.9033146501731141,-0.88929693778188,-0.8770737764925602,-0.8664296450891024,-0.8571739908193496,-0.8491384145105796,-0.8421741638092554,
-0.7248018684721658,-0.7378575661664255,-0.7491281283582084,-0.7588386754695547,-0.7671877138534755,-0.7743500838516271,-0.7804796035836156,-0.7857114375346621,-0.7901642164560814,-0.7939419327452057,
-0.7923878151781983,-0.7856687080387375,-0.7802103116994957,-0.7758482445226695,-0.7724364770818114,-0.7698455045925107,-0.7679606803988909,-0.7666806985200013,-0.7659162139136052,-0.7655885897613901,
-0.6447979385544103,-0.6575849340284043,-0.669348061425378,-0.6801711615962281,-0.6901310750113265,-0.6992982369601584,-0.7077372210274868,-0.7155072354357606,-0.722662576435156,-0.7292530425494831,
-0.73153240483865,-0.7388759867508745,-0.7456464470328664,-0.7518652764569431,-0.7575576490371378,-0.7627512665603152,-0.7674754099960511,-0.7717601679574587,-0.7756358161344143,-0.7791323249466497,
-0.6646279615342717,-0.6906066220871199,-0.7131096981846593,-0.7325417786725685,-0.7492644746940915,-0.7636006397741746,-0.7758382075581377,-0.7862336788507106,-0.7950152872500257,-0.8023858704720698,
-0.8658647371827608,-0.8593718141404083,-0.8535074326343521,-0.848212488956646,-0.8434338874976368,-0.8391238452547264,-0.835239283749493,-0.8317412973617238,-0.8285946884000234,-0.8257675603949495,
-0.9398332156363607,-0.9299219629736014,-0.9208788062118575,-0.9126188674414556,-0.9050654274436177,-0.8981492376058084,-0.8918078761612029,-0.8859851475821156,-0.8806305237394085,-0.8756986252704378,
-0.7605123626697242,-0.7663067368551845,-0.7713281109126933,-0.7756779635831358,-0.7794451363293072,-0.7827073108011124,-0.7855323245471318,-0.7879793415192032,-0.7900998923413687,-0.7919387978779713,
-0.8575734066083033,-0.8522938785850822,-0.8474066932369141,-0.8428955305823228,-0.8387432305013747,-0.834932078746566,-0.8314440525721634,-0.828261030241069,-0.825364968303202,-0.8227380501994642,
-0.822939122375798,-0.8232372959476228,-0.8233488123588462,-0.8232999624671923,-0.8231148065345586,-0.8228152301913779,-0.8224210226241842,-0.8219499712719786,-0.821417968252186,-0.8208391245471158,
-0.7172528647352834,-0.7296940417566152,-0.7403380676696696,-0.7494320056991328,-0.757191590843997,-0.7638048657950778,-0.7694354317307734,-0.7742253510385538,-0.7782977358065614,-0.7817590529704691,
-0.5845363534116793,-0.5999552107943944,-0.6142927934714753,-0.6276298598686676,-0.6400404192356162,-0.6515923778853728,-0.6623481162046141,-0.6723650042653181,-0.681695862984912,-0.6903893769940541,
-0.7477423904130828,-0.7539623323977053,-0.7596601330328523,-0.7648703006036618,-0.76962580024169,-0.7739580588002064,-0.7778969769103345,-0.7814709474947074,-0.7847068800310125,-0.7876302298803672,
-0.5685823391419346,-0.6093570929404908,-0.6446702500523243,-0.6751699253894821,-0.701433383060329,-0.7239742662094246,-0.7432491365268131,-0.7596633849409961,-0.7735765699227104,-0.7853072351268906,
-1.07283370611748,-1.042084281514255,-1.014980683200099,-0.9911005730997426,-0.970068146194649,-0.9515493174783396,-0.9352473727811572,-0.9208990420958766,-0.9082709574170795,-0.8971564602392404,
-0.5922930435225554,-0.6109719172015068,-0.627828031204672,-0.6430518547890977,-0.6568137646313957,-0.6692661149414587,-0.680545101058443,-0.6907724365674329,-0.700056862067343,-0.7084955019923173,
-0.7076812630772173,-0.7217549915939818,-0.7338539343990035,-0.744240910682671,-0.7531459697512818,-0.7607702201781823,-0.767289238232023,-0.7728560991613754,-0.777604070657661,-0.7816490039525881,
-0.892425523678033,-0.891168272937888,-0.8895947524779897,-0.8877533636804538,-0.8856882731343428,-0.8834396168749024,-0.8810437135413888,-0.8785332827488834,-0.875937665539917,-0.8732830442867638,
-0.5714312146202626,-0.5889152158111672,-0.6049637007409241,-0.6197083958298735,-0.6332681633432776,-0.6457502661806409,-0.657251511659337,-0.6678592853653837,-0.6776524851848535,-0.6867023647482334,
-0.8554793524500226,-0.8488323487061292,-0.8430172500992374,-0.8379359146561057,-0.8335010611406722,-0.8296351721271688,-0.8262694933218431,-0.8233431225637959,-0.8208021821384719,-0.8185990682728521,
-0.9646689824957737,-0.9463933911755287,-0.9302329818990757,-0.9159443467581282,-0.9033116779559629,-0.8921437158010023,-0.8822710231304692,-0.8735435525622394,-0.8658284762940819,-0.8590082511757781,
-0.7874253680616523,-0.794770888989609,-0.8009852501338742,-0.8062078589611045,-0.8105627081419658,-0.8141599669998529,-0.8170974171868831,-0.8194617470998494,-0.8213297182644607,-0.8227692157393703,
-0.5924613188021104,-0.6179280045250871,-0.6404564372621714,-0.660373218658686,-0.6779701076696958,-0.6935075880493718,-0.7072180846666467,-0.7193088619456286,-0.7299646346844333,-0.7393499187297474,
-0.9759521403394696,-0.9578506683258372,-0.9419607645462654,-0.9280075160518959,-0.9157485573693883,-0.9049704866787651,-0.8954856467388655,-0.8871292363079911,-0.8797567207680508,-0.8732415133869413,
-0.8206155778538728,-0.8229994712495191,-0.8246448565770208,-0.8256857563320344,-0.8262363513082673,-0.8263935679551212,-0.8262393594471007,-0.8258427138799092,-0.8252614196208105,-0.8245436147739681,
-0.8589110067862248,-0.8575514039276948,-0.8561020535187748,-0.854579411713916,-0.8529988707220476,-0.8513747051466088,-0.8497200452091175,-0.8480468720435228,-0.8463660308849621,-0.8446872585430264,
-0.7013284117633922,-0.7222300343376465,-0.740122048597932,-0.7553866160924593,-0.7683608406564254,-0.7793417753656553,-0.7885909041399748,-0.7963381498996519,-0.8027854563694748,-0.8081099862322603,
-1.1319953817325945,-1.0934951522225682,-1.0594878478344378,-1.0294609399276882,-1.0029586247871205,-0.9795757792298972,-0.9589525314939494,-0.9407693880383273,-0.9247428622742183,-0.910621556177319,
-0.9512283050398276,-0.9358987631983992,-0.9220643488055396,-0.9095937072008391,-0.8983654668237996,-0.8882676542448456,-0.8791971222589153,-0.8710589940107049,-0.8637661254854276,-0.8572385881481632,
-0.962705628081886,-0.9448704263076121,-0.9288190626469794,-0.9143931203530699,-0.9014467538065208,-0.8898457846528977,-0.8794668607029484,-0.8701966725802982,-0.8619312236436422,-0.8545751491826302,
-0.5880250604211996,-0.6068886855590856,-0.6238576436984432,-0.6391447053243143,-0.6529379057155493,-0.6654033677388431,-0.6766878167277479,-0.6869208191053822,-0.6962167733716504,-0.7046766793075254,
-0.8130780668531806,-0.8090892514565524,-0.8056845094240369,-0.8028028864752408,-0.800388360249733,-0.7983895721222276,-0.7967595567442225,-0.7954554726210981,-0.7944383364281628,-0.7936727632436559,
-1.2408510718184669,-1.1915486569435525,-1.1482394192437468,-1.1101908313495588,-1.0767571219429184,-1.0473694778548952,-1.021527295243097,-0.9987903735913318,-0.9787719564395088,-0.9611325320002744,
-1.2934059374171454,-1.240298305052377,-1.193334155488226,-1.151797518480014,-1.1150536965619604,-1.0825404264281324,-1.0537599548110543,-1.0282719391255293,-1.0056870914766267,-0.9856614922319578,
-0.9211068447871111,-0.9172517403516602,-0.9133327820778909,-0.9093750628669609,-0.9054013884724145,-0.9014323209029376,-0.8974862478704131,-0.8935794720105567,-0.8897263145901096,-0.8859392292749014,
-1.0494142878375834,-1.030908781767857,-1.0140173104168926,-0.9985760853469887,-0.9844396948246794,-0.9714789593677612,-0.9595790374920496,-0.9486377531328298,-0.9385641193453267,-0.9292770356915266,
-1.313694720772323,-1.2621251534289193,-1.2158600851502448,-1.1743667153767208,-1.1371630227308316,-1.1038132764368458,-1.0739239073652709,-1.0471397134706297,-1.023140375829156,-1.0016372628704788,
-1.3207032397759593,-1.2684316533999733,-1.2215770932893344,-1.1795848164104326,-1.14195480853842,-1.108236677418633,-1.0780249902423615,-1.050955019905745,-1.0266988670839485,-1.0049619275543293,
-0.925981610246999,-0.9200524396341906,-0.9144330767371579,-0.9090935211665374,-0.9040088466500062,-0.8991583273979944,-0.894524697931419,-0.8900935282401804,-0.8858526983623344,-0.88179195844749,
-1.2699754153572507,-1.2235990116946744,-1.1820132864441903,-1.144723414596304,-1.1112843390121203,-1.0812959809354978,-1.054398886853193,-1.03027027433626,-1.0086204424874023,-0.9891895153874667,
-1.3229630973073785,-1.2706696599802725,-1.2238537279984463,-1.181940712814649,-1.1444147950303407,-1.1108131664094116,-1.0807208063130815,-1.05376574594235,-1.0296147775685267,-1.0079695694404165,
-1.051098964668813,-1.0311885618446148,-1.013111719941664,-0.9966797418273123,-0.9817244991458083,-0.9680961717625292,-0.9556612305094979,-0.9443006379870679,-0.9339082446774105,-0.9243893598915064,
-1.2318704936930724,-1.1916674102492713,-1.155366111209534,-1.12259258904261,-1.0930068605834258,-1.06630014248125,-1.0421922295552675,-1.0204290649094956,-1.000780490883465,-0.9830381701896663,
-1.1809408568747397,-1.1463988283124509,-1.1151981580409758,-1.0870108458090955,-1.0615404388395282,-1.0385191389484565,-1.0177051575324025,-0.9988802989397598,-0.9818477541171475,-0.966430087710151,
-1.402268572215375,-1.3400460713451063,-1.2844661333141505,-1.2348248505926915,-1.1904907381911423,-1.1508976004062272,-1.1155380642641566,-1.0839577209151228,-1.0557498210847422,-1.0305504751663155,
-1.3723441925479476,-1.3139853185730082,-1.261835500469249,-1.2152340424850412,-1.1735888431842736,-1.136369558280841,-1.1031014111754156,-1.073359593300106,-1.0467642012286338,-1.0229756619827906,
-1.210057148912391,-1.171912459527574,-1.1374996585211796,-1.106454337199332,-1.0784463383763645,-1.0531767513810544,-1.030375145761894,-1.009797027278987,-0.9912215006503635,-0.9744491243785423,
-1.4436949003419133,-1.3752570274928995,-1.3143129709640116,-1.2600518831229175,-1.2117477488204196,-1.1687509123541369,-1.1304804066362404,-1.0964170128878383,-1.0660969852073352,-1.0391063799095137,
-1.3303513523993318,-1.2752381685297687,-1.2261189895244657,-1.182344564621709,-1.1433338291574802,-1.1085670670514087,-1.0775797228011617,-1.0499568047859564,-1.0253278265868806,-1.003362237550022,
-1.4848811995773121,-1.41222675954691,-1.3474592776509644,-1.289735709647603,-1.2382999512440542,-1.1924742954831786,-1.1516516838063382,-1.1152886814573844,-1.0828991135592705,-1.0540483034304156,
-1.4782582097463965,-1.4063449207887273,-1.342245114810019,-1.28512166950798,-1.2342241237836582,-1.1888801148054393,-1.1484876167528666,-1.1125079104938849,-1.0804592193069278,-1.0519109511639724,
-1.2794097483461837,-1.2312748807989684,-1.1881774319558374,-1.149596567169126,-1.1150630209903425,-1.084154310048347,-1.056490355940317,-1.0317294862768773,-1.0095647842135058,-0.9897207588639277,
-1.3316119111941513,-1.2779904064689822,-1.2299393924180044,-1.18689114911713,-1.1483330955191025,-1.113802795735758,-1.0828833787501972,-1.0551993410922933,-1.0304127039102948,-1.0082194976837688,
-1.3872222181459253,-1.3262330078954292,-1.2718657610628463,-1.2234001424066165,-1.180192479374056,-1.141667893828228,-1.1073132062304751,-1.0766705401265142,-1.0493315611673444,-1.024932290747107,
-1.3604906879656005,-1.3031850423804172,-1.251907934695741,-1.2060363755655845,-1.1650089607183625,-1.1283201534358414,-1.095515058388942,-1.0661846483512687,-1.0399614079942887,-1.0165153614917284,
-1.3617944771570158,-1.3039655900885438,-1.252279914124986,-1.206094594452075,-1.1648313419323462,-1.1279703134590724,-1.095044533366858,-1.0656348117362762,-1.0393651187175648,-1.0158983770665664,
-1.5127026852220435,-1.4367480175760006,-1.369067308393899,-1.308772757042827,-1.2550685720098975,-1.207241871791128,-1.1646544379679447,-1.1267352453163122,-1.0929737000010942,-1.0629135226383102,
-1.4979273276379437,-1.4237825330322031,-1.3576875606506147,-1.2987824823333465,-1.2462959496362835,-1.199536505058335,-1.1578846984485494,-1.1207859385299004,-1.0877440151677227,-1.0583152332731094,
-1.5120416454034449,-1.4361346868005531,-1.3684960299048217,-1.3082389913826793,-1.254568670030891,-1.206772887992662,-1.164213977930968,-1.1263213418544211,-1.0925847133947215,-1.0625480609724556,
-1.5216498727436454,-1.4445893852921572,-1.3759382945294272,-1.3147926238107648,-1.260342266614362,-1.2118616832109934,-1.1687014707029784,-1.1302807292211343,-1.096080153460641,-1.065635784636438,
-1.5208690520582417,-1.4439235830824064,-1.3753703321329216,-1.3143077635739355,-1.2599278895218906,-1.2115070058751987,-1.168397297263993,-1.1300192341761575,-1.0958546918621552,-1.0654407264791947,
-1.5231492841552996,-1.4458912212714594,-1.3770710757845888,-1.315780716595436,-1.2612064635197953,-1.2126197077803262,-1.1693684151533692,-1.1308694335124314,-1.0966015330110568,-1.0660991131459472,
-1.523292263683826,-1.4460259454843394,-1.377197813455584,-1.3158997587084245,-1.2613181171223955,-1.212724290706452,-1.1694662515181653,-1.1309608498923769,-1.0966868552305022,-1.066178663599051,
-1.5248411127755057,-1.4474110982135182,-1.3784363346689459,-1.3170069951111847,-1.2623078613051544,-1.2136089304912843,-1.1702569058582053,-1.1316674924588987,-1.0973184267296716,-1.0667431737763498,
-1.5238869910279838,-1.4466067722380125,-1.377759612095343,-1.3164387828641768,-1.2618317592048105,-1.2132108746632242,-1.1699248562727944,-1.1313911595189083,-1.0970890323675269,-1.0665532430105058,
-1.5214429828025122,-1.4444876953086179,-1.3759174027368883,-1.3148324836280214,-1.2604265182095051,-1.2119770772181766,-1.1688373724381904,-1.1304286931099328,-1.0962335586081222,-1.0657895235527546,
-1.520638581734445,-1.4436712031961962,-1.3750972261153045,-1.3140156215213041,-1.2596187503625789,-1.2111831294780686,-1.1680610618596605,-1.1296730550937555,-1.0955009581381256,-1.0650817523785685,
-1.5374696208268757,-1.4580916648771032,-1.3874379249961322,-1.3245643092241857,-1.2686254047486327,-1.2188646328332786,-1.1746053342699951,-1.1352427025216085,-1.100236488629156,-1.069104408325315,
-1.538100496670622,-1.4586837579183167,-1.3879870229542266,-1.325068018941723,-1.269082779232804,-1.2192758579984266,-1.1749714671184754,-1.1355654535274307,-1.100518041999287,-1.0693472746195565,
-1.5374890494441658,-1.458146498034742,-1.387516311510035,-1.3246568828456846,-1.2687248644293398,-1.2189653848606035,-1.1747031880391254,-1.1353346127148685,-1.1003203374654011,-1.0691788223323442,
-1.5353710521506192,-1.4562908142856037,-1.3858897703616346,-1.323230423032273,-1.2674730480866452,-1.2178659654321058,-1.1737367267294296,-1.1344841383976534,-1.0995710454484329,-1.0685178078328808,
-1.5375532859345031,-1.458164644314524,-1.3874947799224908,-1.3246014908596528,-1.268640869861712,-1.218857521365149,-1.1745757003951172,-1.13519129153815,-1.1001645530413573,-1.0690135573361357,
-1.2403888186468233,-1.1912604337954587,-1.148095877436469,-1.1101666115964306,-1.0768303705578885,-1.0475214169515186,-1.0217418413323454,-0.9990537995210819,-0.9790725921091006,-0.9614604997300927,
-1.273621081259578,-1.22638955972232,-1.184184332716363,-1.146464173101907,-1.1127450632435472,-1.0825943548487806,-1.0556255009254558,-1.0314933061472364,-1.0098896467511345,-0.9905396155084499,
-1.1330313072151925,-1.1043514707791031,-1.078381279631516,-1.054854372473672,-1.033530562794153,-1.0141933346869179,-0.9966475694194191,-0.9807174822873429,-0.9662447510463361,-0.9530868188188689,
-1.2845267066802784,-1.2355396136809562,-1.1917708598465173,-1.1526651540158814,-1.1177244698229776,-1.086502425895194,-1.0585991855202574,-1.0336568308575864,-1.01135517038418,-0.9914079416102705,
-1.1821058449867008,-1.1449435847073546,-1.1116452559040977,-1.0818075108806582,-1.0550677109694249,-1.0311000490739144,-1.009612015401876,-0.9903411785239644,-0.9730522559369094,-0.9575344502218401,
-1.3202625741896312,-1.2664157803849423,-1.218411269935357,-1.175615951266046,-1.1374635011283722,-1.1034476106480415,-1.0731158820063504,-1.0460643162682404,-1.0219323380234648,-1.0003983072374125,
-1.3006143322100305,-1.2504128158684271,-1.2054812568105608,-1.1652679811836608,-1.129277369124769,-1.0970644135014307,-1.0682297793382294,-1.0424153204050854,-1.019300013014507,-0.9985962703692903,
-1.3293272560062872,-1.2753725900148525,-1.2271658274291541,-1.1840962525826038,-1.1456162408501211,-1.1112350129864597,-1.0805129777978917,-1.0530566105748622,-1.0285138191643635,-1.006569753654891,
-1.2652195900591752,-1.2191311310008395,-1.1778284298179142,-1.1408163981185764,-1.1076495160165103,-1.077927115236835,-1.0512890844072051,-1.0274119612263743,-1.0060053789479597,-0.9868088371648784,
-1.313178133893885,-1.260766341789328,-1.2139222291702605,-1.1720604314237384,-1.134654837968555,-1.1012329155581138,-1.0713705408656549,-1.0446872999016243,-1.0208422150761978,-0.9995298637536418,
-1.31545621643121,-1.2632285787142097,-1.216509168019007,-1.1747228270898429,-1.1373522031188432,-1.103932254005288,-1.074045243043087,-1.0473161817345085,-1.023408683492662,-1.0020211938464596,
-1.3120245260393466,-1.2596486543451235,-1.212856587324665,-1.1710582783217853,-1.1337237936048727,-1.100377506571233,-1.07059281833005,-1.0439873601592224,-1.0202186368216268,-0.9989800729639013,
-1.3360523784174498,-1.2810819344260451,-1.2319944796271194,-1.1881624771504735,-1.149023471787163,-1.114073621486973,-1.0828618404862287,-1.054984499257605,-1.0300806311172215,-1.0078275995966308,
-1.4234167806532365,-1.3576609357053544,-1.2990679562431753,-1.246864878920002,-1.2003595614871465,-1.1589326017424169,-1.1220300234349738,-1.0891566603537914,-1.0598701756334956,-1.0337756586575857,
-0.9255142896214062,-0.9217629901422991,-0.9177524297654188,-0.9135629249807933,-0.9092615409204559,-0.9049039337927643,-0.9005359616332442,-0.8961950901366292,-0.8919116174851838,-0.887709739518468,
-1.339722509284311,-1.2840696106364424,-1.2343779848486707,-1.1900150426120806,-1.1504130095834157,-1.1150626116706406,-1.0835073403638125,-1.0553382481357318,-1.0301892279612608,-1.0077327347263483,
-1.3184700606980682,-1.2639343662574998,-1.215406759760338,-1.1722296505638246,-1.1338149821898138,-1.099637239024754,-1.0692271166996676,-1.0421657969665792,-1.0180797728354047,-0.9966361742954627,
-0.9294967904962257,-0.9239459225600848,-0.9185524592675375,-0.91332128966221,-0.9082557558482466,-0.903357885195969,-0.898628590026013,-0.894067839280872,-0.8896748060893387,-0.8854479946017553,
-1.4877860788961863,-1.4150653365827766,-1.3502091888175403,-1.2923798348061017,-1.2408256402928615,-1.1948726870348627,-1.1539171064867324,-1.1174181292286378,-1.0848917872629638,-1.0559052114740266,
-1.3323300297866374,-1.2783247443225159,-1.2300942229768768,-1.187015498510455,-1.148531713223617,-1.1141453249022695,-1.0834119829910978,-1.0559350118851856,-1.0313604438765227,-1.0093725494598775,
-1.2264829134187465,-1.185039124090464,-1.1479379417450037,-1.1147133327425025,-1.0849488628201533,-1.058272566121577,-1.0343523247424018,-1.0128917102236445,-0.9936262428230391,-0.9763200284155242,
-1.2360943091680414,-1.193808537574103,-1.1558012333700372,-1.121646139168421,-1.0909572706445017,-1.0633854190306993,-1.0386149233051658,-1.016360694725942,-0.996365477130771,-0.9783973271957032,
-1.4859914163497536,-1.4134430224578995,-1.3487746904962477,-1.2911393842768004,-1.239778411736177,-1.1940125908139108,-1.1532342563370914,-1.1169000320587272,-1.0845242984512493,-1.0556732927948613,
-1.4929532081398107,-1.4196047587062133,-1.354199425082536,-1.2958894047142935,-1.2439143320039288,-1.197592670370171,-1.1563139072081852,-1.1195314811833825,-1.086756377106482,-1.0575513290054,
-1.488263970746048,-1.4154788843197665,-1.350566963266877,-1.2926892870413744,-1.2410932438084805,-1.19510406252959,-1.154117131290762,-1.1175910331812808,-1.0850412366461257,-1.0560343824260798,
-1.4704487742473744,-1.3998154535538607,-1.3368089832807397,-1.2806173681238027,-1.230512098805014,-1.1858399683164649,-1.1460156469830058,-1.1105149501762188,-1.078868737909234,-1.0506573905293564,
-1.5187905221946896,-1.4419629720673939,-1.373526771840609,-1.3125789588756502,-1.258310467600015,-1.2099968051057703,-1.1669896044513937,-1.1287089777972428,-1.0946365979810628,-1.064309443114298,
-1.5178561205203114,-1.4412414702052647,-1.3729831984738365,-1.3121832889838712,-1.2580369917278793,-1.2098235720996788,-1.1668979298439346,-1.1286830107744108,-1.0946629405576438,-1.0643768157726328,
-1.517612609237094,-1.4409390060086484,-1.3726320126478693,-1.3117927690805198,-1.2576156712687625,-1.2093791387808035,-1.1664372479884664,-1.128212154476363,-1.094187234561919,-1.0639008816554407,
-1.5210923005908694,-1.444077339412279,-1.3754704163151057,-1.314366920532783,-1.2599563141571446,-1.2115127882052878,-1.1683867985911092,-1.129997403884901,-1.095825333247606,-1.0654067189249197,
-1.5238684835249026,-1.4465856092855238,-1.3777383391982916,-1.3164191761144894,-1.2618149884105856,-1.2131976383812,-1.1699154929006157,-1.1313857380615748,-1.097087426013462,-1.0665551882302966,
-1.5239398581708232,-1.4465986482721847,-1.3777050520942062,-1.3163496487506052,-1.2617176535032424,-1.2130795116148039,-1.1697823785155879,-1.131242407555986,-1.0969377731733072,-1.066402363349605,
-1.5241652566257113,-1.4467582934368666,-1.3778108502281718,-1.316411740000355,-1.2617446409006219,-1.213078663559283,-1.1697598074977984,-1.131203227623104,-1.0968862384013462,-1.0663419893718065,
-1.517306352861801,-1.4406252955942453,-1.372324366321655,-1.3115010626410317,-1.2573468193902726,-1.2091376718587992,-1.1662257984819442,-1.128031864968536,-1.0940380982998306,-1.0637820250245353,
-1.528303414031939,-1.4502035125112867,-1.380649897040665,-1.318722340021294,-1.2635962611990894,-1.2145332447729358,-1.1708724464842568,-1.1320228120991511,-1.0974560351844107,-1.066700188070981,
-1.5293601992024173,-1.4511558890372145,-1.3815065551114165,-1.319491474153474,-1.2642855629016438,-1.215149903039668,-1.1714231545886342,-1.1325137793824822,-1.0978930027190226,-1.0670884472476432,
-1.5310055974005854,-1.4524988492605309,-1.3825914445067902,-1.3203568715177119,-1.2649649536399936,-1.215672296461707,-1.171813631638181,-1.1327939781119851,-1.0980815481035686,-1.0672013312833322,
-1.536539986885122,-1.457499984494652,-1.3871187408783157,-1.3244625914091237,-1.2686950693803862,-1.219067253268228,-1.1749090214918725,-1.1356211343888283,-1.1006680697655082,-1.0695715445163736,
-1.5362219977788254,-1.4571323942632406,-1.3867157243565806,-1.3240359026920574,-1.2682543844504843,-1.2186204697284344,-1.1744625202291656,-1.1351800075066936,-1.100236318680203,-1.0691522517087086,
-1.538635107540508,-1.4592410830852973,-1.3885574844225683,-1.325643708583431,-1.269657223820146,-1.219843813587484,-1.1755287394586356,-1.1361087415136673,-1.1010448014943186,-1.0698556002541242,
-1.5394789902443868,-1.4600076591201037,-1.389254776505988,-1.3262788185860834,-1.2702364432987918,-1.2203727210700264,-1.1760122860234121,-1.1365513260338713,-1.1014503367647668,-1.0702275710802844,
-1.5387744857719308,-1.3251250608660625,-1.2691500867830674,-1.219457325515364,-1.1753406647740336,-1.1361714171019288,-1.1013901554794894,-1.070499371200474,-1.0430568752043652,-1.0186698712237878,
-1.4193939001852642,-1.3539427099857804,-1.2956341002246914,-1.2436962747125526,-1.1974381987127332,-1.156241521557586,-1.1195532657478087,-1.086879213852336,-1.0577779303162613,-1.031855360616699,
-1.2700775232536716,-1.222000745429115,-1.179167812387074,-1.1409992076391575,-1.106978484781284,-1.0766456177433377,-1.0495910245346032,-1.025450199291138,-1.0038988934373263,-0.9846487922556905,
-1.3735141878449704,-1.3144840257689123,-1.261748847136651,-1.2146435195551166,-1.1725708274162736,-1.1349948739149782,-1.101435087107568,-1.071460778248737,-1.0446862047726106,-1.0207660941073669,
-1.3834852476993018,-1.32206300862144,-1.267345407386802,-1.2186074212537477,-1.175199825076713,-1.136541639284932,-1.1021132892622971,-1.0714504130793319,-1.0441382597672502,-1.0198066251558875,
-1.3967488253599278,-1.3338359049978479,-1.2778060485430627,-1.227910864776157,-1.1834810090602177,-1.1439181788943693,-1.1086878810479082,-1.0773128997877608,-1.0493674017929482,-1.0244716189370187,
-1.4143840039374238,-1.3496503211940094,-1.2919605722488803,-1.2405558672179406,-1.1947564764127643,-1.1539539409995212,-1.1176039292818205,-1.0852197721038177,-1.0563666164466676,-1.0306561414298587,
-1.4179767688613367,-1.3526861506840286,-1.2945189427024393,-1.242705675989717,-1.1965573637618965,-1.1554574565470912,-1.1188545601967632,-1.0862558484435205,-1.0572211074612727,-1.03135735518089,
-1.420843513194298,-1.3552026036138978,-1.29672836672603,-1.2446461114238443,-1.1982622330340513,-1.1569561020727004,-1.1201727227450198,-1.0874160922174072,-1.0582431975033444,-1.0322585921592622,
-1.421029971988614,-1.3553873208028484,-1.296908867420209,-1.2448205556202139,-1.1984293003689415,-1.1571148942956282,-1.12032268149316,-1.087556929968998,-1.0583748398533583,-1.0323811297957035,
-1.4214556705248345,-1.3557543856960008,-1.2972244532334025,-1.2450910477885546,-1.1986603860657319,-1.1573116281318896,-1.1204895462606144,-1.0876978926523166,-1.0584934031481539,-1.03248037937507,
-1.4214741792173116,-1.35577081182852,-1.2972389748759203,-1.2451038359353608,-1.1986716033612557,-1.1573214280065576,-1.1204980724023392,-1.0877052787499677,-1.058499772852707,-1.032485846432357,
-1.4213115067222781,-1.3556277796552076,-1.297113506285733,-1.2449940369327246,-1.1985757514996225,-1.1572379611438883,-1.1204255775615497,-1.0876424812084045,-1.0584455255578353,-1.0324391198178853,
-1.4215272089546593,-1.3558177960368434,-1.2972804952484702,-1.245140433149995,-1.1987037776471638,-1.1573496401834475,-1.1205227452803805,-1.0877267987964354,-1.0585184920466497,-1.032502084241978,
-1.0412291390606598,-1.0221181801983272,-1.0047733594676487,-0.9890110960313585,-0.9746681903856305,-0.9615995245535807,-0.9496760178914891,-0.9387828110592542,-0.9288176535150267,-0.9196894724316794,
-1.2390255811627326,-1.1955063217497337,-1.1565705144483545,-1.1217329315747446,-1.09055833641447,-1.062656567507371,-1.0376780796885365,-1.0153099019698157,-0.9952719756228184,-0.9773138388476489,
-1.4391299848203443,-1.3712623948001519,-1.3108152840112728,-1.2569868355619134,-1.2090590465547444,-1.1663893575098345,-1.1284030749790963,-1.0945865163563453,-1.0644808118672893,-1.0376763042316528,
-1.4500871352693552,-1.3811491967732867,-1.319728235089584,-1.2650146835721379,-1.216283300275006,-1.1728847773789761,-1.1342381426669277,-1.0998238824338544,-1.0691777211418911,-1.041884998588927,
-1.467767805231075,-1.3971126166705992,-1.3341122862840444,-1.277950113690562,-1.2278934601145712,-1.183285504644675,-1.1435377649551783,-1.1081233158279764,-1.076570644250521,-1.0484580848908744,
-1.0536033580699786,-1.0332248052760626,-1.0146370836394625,-0.9976804708325986,-0.9822086828455213,-0.9680878984354268,-0.9551958343790142,-0.9434208714124512,-0.932661230321764,-0.9228241972960621,
-0.9165328011756166,-0.9127343657163596,-0.9088325870128544,-0.9048715329232254,-0.9008881281145346,-0.896913123134421,-0.8929719429108844,-0.8890854286309291,-0.8852704854488588,-0.8815406471247004,
-0.9508442526187602,-0.9427252828693284,-0.9350266629752674,-0.9277316827036834,-0.9208232183649862,-0.9142839919350982,-0.9080967810369671,-0.9022445868545088,-0.8967107661889345,-0.8914791330969395,
-1.4553137814209092,-1.386590563673939,-1.325236255247438,-1.2704743860605756,-1.2216071796522983,-1.1780079871235423,-1.1391144048395796,-1.104422018262322,-1.0734787187743495,-1.0458795445280467,
-1.3836230370974634,-1.3232918282018422,-1.2693827873402221,-1.2212222593344526,-1.178204564778257,-1.1397855014734024,-1.1054764286913754,-1.0748388856178273,-1.0474796990825233,-1.0230465391599104,
-1.4614951600915027,-1.3915083568283693,-1.3291197366010774,-1.2735155608970266,-1.2239662830834142,-1.1798182398318555,-1.1404861184676953,-1.1054461320913025,-1.0742298399136454,-1.0464185554173784,
-1.4864287246360737,-1.4141063612464742,-1.3495922958209323,-1.2920540459386698,-1.2407450627453456,-1.1949962454997891,-1.1542082518946766,-1.1178445336234324,-1.0854250325484374,-1.0565204782482842,
-1.4601424212390208,-1.3913008296073632,-1.3298103758673687,-1.274897412228292,-1.2258668937438548,-1.1820947679879756,-1.1430210612625051,-1.108143601425953,-1.0770123222498447,-1.0492240986666619,
-1.491237190229644,-1.4178315200106781,-1.352407560963245,-1.2941094956988404,-1.2421702098860288,-1.1959025122761209,-1.1546911785764453,-1.1179857462766,-1.0852939935861186,-1.0561760412255494,
-1.5114434013241922,-1.4352886656483566,-1.3674676094422054,-1.307081776044864,-1.253326305161972,-1.205480622029738,-1.162900004608386,-1.125007950746471,-1.0912892737653703,-1.0612838609151807,
-1.5166363757016221,-1.4398785931703797,-1.3715223327394086,-1.310661931785884,-1.25648603417774,-1.208268215191845,-1.1653584897858789,-1.1271756257548085,-1.0932001898418324,-1.0629682609041604,
-1.5202350539972158,-1.4429040108509417,-1.37406082632354,-1.3127875202547328,-1.2582620699562104,-1.20974882887193,-1.1665898524861484,-1.1281970504506968,-1.094045090695109,-1.0636649875436845,
-1.5106826855439672,-1.4350638451959548,-1.3676644908447815,-1.307604838397724,-1.254096045600308,-1.2064312430562893,-1.1639774026992125,-1.1261679701312348,-1.0924961932929618,-1.062509085514248,
-1.5291646436147182,-1.4510346141584038,-1.381450668931901,-1.3194926343779452,-1.264336005527561,-1.2152424556402166,-1.1715512372876065,-1.132671396070195,-1.0980747246743117,-1.0672893909951866,
-1.5261756027661417,-1.44823441400274,-1.3788265911925346,-1.3170331280710907,-1.2620305287256697,-1.2130813424164526,-1.1695255859062847,-1.1307729750577407,-1.0962958938995702,-1.0656230353159757,
-1.5364859515407223,-1.4574020473846871,-1.3869886196592103,-1.3243097860886488,-1.2685272193216865,-1.2188904431951169,-1.1747280430519942,-1.1354397090687343,-1.100489038269356,-1.0693970271103608,
-1.538152864286375,-1.4588298543096117,-1.3882091818780402,-1.3253509639320826,-1.2694133480132295,-1.2196427549635025,-1.1753650413823395,-1.1359775002226473,-1.100941624685555,-1.069776566828047,
-1.5370824433243846,-1.4578922268856394,-1.3873879585103523,-1.324631729323904,-1.2687834317276323,-1.2190910276196785,-1.174881733661491,-1.135554042246311,-1.1005705035773146,-1.069451200493626,
-1.5383626674522917,-1.4589876706704525,-1.3883230745010062,-1.3254279422217548,-1.2694594919107458,-1.2196633256758125,-1.1753645799887678,-1.1359599153824669,-1.1009102705570295,-1.0697343122056044,
-1.5383996645531715,-1.4590326477596303,-1.3883743271054172,-1.3254839989890517,-1.2695190878893579,-1.2197253783093627,-1.1754281675798786,-1.136024257800003,-1.1009747119787037,-1.06979830570462,
-1.5388793945020494,-1.4594587410282749,-1.3887531574447194,-1.3258211734260335,-1.269819536760909,-1.2199934351762802,-1.175667640100057,-1.1362384905310359,-1.1011666419817767,-1.0699705117326992,
-1.5386731667917422,-1.4592719312689475,-1.388583693870313,-1.325667223083286,-1.269679477594052,-1.219865831289712,-1.1755512198530302,-1.1361321271541063,-1.1010693364370743,-1.069881377569138,
-1.5372170321222889,-1.4579524992635358,-1.3873859906165293,-1.3245781260492757,-1.26868747557405,-1.2189608152383735,-1.1747243007733057,-1.1353754776571015,-1.1003760529951547,-1.0692453608410002,
-1.539924791799488,-1.4604110862761914,-1.3896215894441633,-1.326613878814178,-1.2705438495782544,-1.22065592638131,-1.176274197989297,-1.1367943929380182,-1.101676621050685,-1.070438811990845,
-1.5392611680950885,-1.4598096972763221,-1.3890748588052573,-1.326115266921487,-1.270087714155291,-1.2202374005660634,-1.1758890838636225,-1.136439068709745,-1.1013479602804832,-1.0701341134294522,
-1.5393998841439593,-1.4599403197272833,-1.3891975880323058,-1.3262303587284854,-1.270195464298065,-1.220338132053705,-1.1759831366278497,-1.1365267912840915,-1.1014297031778784,-1.0702102239482931,
-1.5404793475079759,-1.46094653725942,-1.3901348839815046,-1.3271029047112257,-1.2710072669080617,-1.2210930243173788,-1.1766847727190548,-1.137178643979176,-1.102035063593598,-1.0707722031607376,
-1.5407531698834784,-1.4611839442531573,-1.3903409937576074,-1.327282128825028,-1.2711634027611154,-1.2212293363112103,-1.1768040633899308,-1.1372833162617257,-1.102127175239672,-1.0708535142302416,
-1.5408455735454558,-1.4612591896806706,-1.3904020665455394,-1.327331544679099,-1.2712032744480795,-1.2212614319246333,-1.1768298569607476,-1.1373040316312713,-1.1021438240124155,-1.070866928532981,
-1.5407883359474142,-1.461214300452108,-1.390367139665178,-1.3273045917277693,-1.2711826462884688,-1.2212457680513757,-1.176818041606016,-1.1372951558105628,-1.1021371527848414,-1.0708618728309904,
-1.540768311004074,-1.461193429098358,-1.3903459875602313,-1.3272835999522168,-1.2711621521108416,-1.2212260227373006,-1.1767992256452506,-1.1372773918939474,-1.102120516824475,-1.0708464032824032,
-1.5409086588164116,-1.4613101254183585,-1.39044298411098,-1.3273642406314095,-1.2712292579907039,-1.2212819662370962,-1.17684599513577,-1.1373166478595607,-1.1021536405875887,-1.0708745391861054,
-1.5410528160650683,-1.4614486545275465,-1.3905749732272974,-1.3274890733729015,-1.2713465597120217,-1.2213915581077184,-1.176947855048617,-1.1374108772974,-1.102240436673527,-1.0709541712333202,
-1.5410979808566936,-1.461490727130386,-1.3906140998181515,-1.3275254043342124,-1.2713802471718332,-1.221422753920742,-1.176976709158816,-1.1374375364293408,-1.1022650433059138,-1.070976862813644,
-1.5410556877291715,-1.461451843905881,-1.390578431404149,-1.3274927533726164,-1.271350417035133,-1.2213955511066241,-1.1769519451713348,-1.1374150292238705,-1.1022446183653354,-1.0709583539145997,
-1.5410989120217164,-1.4614926667756498,-1.390616704261522,-1.3275284005942156,-1.271383421488432,-1.2214259418729672,-1.1769797871821275,-1.1374404145575714,-1.1022676589823825,-1.0709791756337328,
-1.5410883358311849,-1.4614829400861091,-1.3906077732671014,-1.327520212379604,-1.2713759245180731,-1.2214190863673875,-1.1769735253985163,-1.1374347009896408,-1.1022624504926117,-1.0709744315294554,
-1.5411372912656278,-1.4615287236354233,-1.390650353202339,-1.327559613715043,-1.2714122164895645,-1.2214523719092825,-1.1770039323505097,-1.1374623747968104,-1.1022875481904801,-1.0709971168312657,
-1.5410810110001443,-1.4614776017085713,-1.3906038702291745,-1.3275173060668064,-1.271373670193484,-1.2214172172070494,-1.1769718388463621,-1.1374330471331406,-1.1022607221951792,-1.0709725560867391,
-1.5412654242661643,-1.461645141072064,-1.3907563398480212,-1.3276562969247445,-1.271500585813979,-1.2215332963507668,-1.1770781755293895,-1.1375306082674785,-1.1023503631209102,-1.071055034236417,
-1.5412982103654809,-1.4616750457518266,-1.390783640508293,-1.3276812423844493,-1.271523399326678,-1.221554178305233,-1.1770973058670775,-1.137548148645816,-1.102366458848477,-1.0710698160035033,
-1.541303409415681,-1.4616799013646047,-1.3907881665096724,-1.3276854536668672,-1.2715273114573435,-1.221557807204398,-1.1771006675462725,-1.1375512589973413,-1.102369333478534,-1.0710724701023246,
-1.5412992464407589,-1.461676108123609,-1.3907847087476581,-1.3276823004862697,-1.2715244349638868,-1.221555182193629,-1.1770982712257245,-1.1375490707399338,-1.1023673346034408,-1.071070643679952,
-1.541263518970088,-1.4616435831910897,-1.3907550812556946,-1.3276552951408478,-1.2714998034297593,-1.221532700504232,-1.1770777374271548,-1.1375303027498003,-1.102350168266716,-1.0710549310053046,
-1.541287743053811,-1.461665629743706,-1.3907751582614074,-1.3276735906102985,-1.2715164871908198,-1.2215479258567212,-1.177091642668243,-1.1375430125770951,-1.1023617950660995,-1.0710655760305892,
-1.5413186041946374,-1.4616934803376305,-1.3908003248891676,-1.3276963624943543,-1.2715371204683332,-1.221566647378678,-1.177108653374994,-1.1375584904955096,-1.1023758979689426,-1.0710784437945777,
-1.5413122832446011,-1.4616878409352072,-1.3907952744904444,-1.3276918221974188,-1.2715330230594954,-1.2215629356402433,-1.1771052786220844,-1.1375554113131734,-1.102373079124156,-1.0710758553007338,
-1.5413736283263157,-1.4617434387506614,-1.39084575425455,-1.3277377369623766,-1.2715748591285498,-1.2216011208500668,-1.177140189623283,-1.13758737996442,-1.1024023981028384,-1.0711027830217406,
-1.5413863458711317,-1.4617550494941127,-1.3908563731477648,-1.3277474653701222,-1.2715837864954374,-1.2216093261670318,-1.1771477427171828,-1.1375943426310742,-1.102408825101679,-1.071108722948221,
-1.5413889125324296,-1.4617573598724172,-1.3908584601379212,-1.327749357212113,-1.2715855074174962,-1.221610896945719,-1.1771491811643389,-1.137595664016501,-1.1024100425193804,-1.0711098476331653,
-1.5413870297857284,-1.4617556471815323,-1.39085690017542,-1.3277479345909269,-1.271584208464968,-1.2216097095038496,-1.1771480944132773,-1.1375946683186429,-1.1024091292817346,-1.071109009185896,
-1.5414059000625993,-1.4617727216833794,-1.3908723732572823,-1.3277619777757261,-1.2715969731729453,-1.221621329463921,-1.1771586877916644,-1.1376043395964663,-1.1024179709098687,-1.0711171030423823,
-1.5413993121252652,-1.4617668292401809,-1.390867093553998,-1.327757238425964,-1.271592710870403,-1.2216174888480922,-1.1771552204497273,-1.1376012031858742,-1.1024151283878463,-1.071114521989992,
-1.5414011903400868,-1.4617685172025914,-1.390868609311342,-1.3277585985792586,-1.2715939306480841,-1.2216185821829981,-1.1771562000576763,-1.1376020806445022,-1.1024159142146306,-1.0711152257186036,
-1.5414114352445016,-1.461777869935799,-1.3908771616148479,-1.3277664313777398,-1.2716011153947306,-1.2216251820389203,-1.1771622709251068,-1.1376076720712494,-1.1024210701853012,-1.0711199853462974,
-1.5414068676464419,-1.461773684645478,-1.3908733384050431,-1.3277629490348855,-1.2715979522237573,-1.2216223162710844,-1.1771596810430882,-1.137605337063996,-1.1024189697434903,-1.0711181000078636,
-1.5414115918183988,-1.4617780179687738,-1.3908772982490374,-1.3277665546825752,-1.2716012241895527,-1.2216252757426211,-1.1771623494292494,-1.137607735633565,-1.1024211193407873,-1.0711200208334932,
-1.5414137255708402,-1.4617798266487514,-1.3908788306124882,-1.3277678526305132,-1.2716023236594558,-1.2216262074930755,-1.1771631397295796,-1.1376084068689634,-1.1024216905424358,-1.0711205081421915,
-1.5414096385131266,-1.4617761298258833,-1.3908754937375727,-1.3277648468017145,-1.2715996214526095,-1.2216237830181123,-1.1771609686570494,-1.1376064664321182,-1.1024199595195396,-1.07111896682309,
-1.5414214793804282,-1.4617870822570684,-1.3908855938303946,-1.3277741348096557,-1.2716081403957737,-1.2216315775376492,-1.177168084079254,-1.137612948012429,-1.1024258518403085,-1.0711243133222044,
-1.5414179215046324,-1.4617838140033061,-1.3908825892605472,-1.3277713704892704,-1.2716055951498502,-1.2216292322289197,-1.1771659214071377,-1.1376109523309546,-1.1024240089933803,-1.071122610494741,
-1.541424500538012,-1.4617897624232854,-1.3908879777894076,-1.327776261418052,-1.2716100433167914,-1.2216332858924586,-1.1771696230237452,-1.1376143392471803,-1.1024271140607063,-1.0711254626150577,
-1.5414255730835387,-1.4617906948638646,-1.3908887921112527,-1.327776976178364,-1.2716106741389042,-1.221633845895651,-1.1771701231955873,-1.137614788765457,-1.1024275205711405,-1.0711258324703552,
-1.0130907404572695,-0.9921113372915052,-0.9734941184441249,-0.9569602090537361,-0.94226357185103,-0.9291872677375961,-0.9175401213443577,-0.9071537502673559,-0.8978799206178711,-0.8895881951138179,
-1.0072381080529533,-0.9813464338475546,-0.9590196777200181,-0.9397764078924976,-0.923196773969371,-0.9089151260045628,-0.896613460264158,-0.8860156052625081,-0.87688207006659,-0.8690054845186775,
-0.7963749043728897,-0.7972189964096199,-0.798184395112356,-0.7992283392676144,-0.8003154365625483,-0.8014166992142198,-0.8025086854765744,-0.8035727369136836,-0.8045943021789003,-0.8055623388274707,
-0.9406220949056033,-0.9329951275245738,-0.9255488085789559,-0.9183237969301359,-0.9113510175709206,-0.9046531322698931,-0.8982458263018397,-0.8921389315750776,-0.8863374044379598,-0.8808421746034327,
-0.9882280678250807,-0.9639398005702572,-0.9426187248884433,-0.9239252417869533,-0.9075567648891664,-0.8932438359502702,-0.8807466360176548,-0.8698518529691645,-0.8603698699573212,-0.8521322427274585,
-0.7684490131853485,-0.7717341562262285,-0.7747487214145323,-0.7775142523338268,-0.7800505329650894,-0.7823757616958523,-0.7845067022228377,-0.786458814905051,-0.7882463715900058,-0.7898825564745879,
-0.6233364112276739,-0.6364809771892054,-0.6486817015042065,-0.6600043656183228,-0.6705107231038678,-0.6802586643408474,-0.6893023848602862,-0.6976925556380008,-0.7054764938498292,-0.7126983328022645,
-0.7873738648720967,-0.7949470754771941,-0.8011618831556723,-0.8062201697437494,-0.8102965819206488,-0.8135419449877765,-0.8160862771083477,-0.8180414476439927,-0.8195035187878299,-0.8205548056752757,
-0.7361076363951473,-0.7331747072938215,-0.7314757852522893,-0.7307973660521431,-0.7309559014601537,-0.7317940220495942,-0.7331772013078344,-0.734990812752363,-0.7371375367379002,-0.7395350781196544,
-0.7872958474052774,-0.7925246489631207,-0.7968228538219382,-0.8003266461533378,-0.8031547842544401,-0.8054106032996095,-0.8071838086888838,-0.8085520800207673,-0.8095825039633388,-0.810332852684289,
-0.908986122899032,-0.8913467394527149,-0.8759421201242085,-0.8625211615799456,-0.8508594980059722,-0.8407567306384386,-0.832033938080089,-0.824531439757772,-0.8181067874883298,-0.8126329624989203,
-0.799479130266555,-0.7936075532556329,-0.7888704127272388,-0.7851007028066832,-0.7821540869347294,-0.7799059711560508,-0.778248935132614,-0.77709047987704,-0.776351055577084,-0.7759623368259727,
-0.968262447400757,-0.9560037866767734,-0.9445870655149786,-0.9339696617078339,-0.9241087458136892,-0.9149617378712933,-0.9064866826824196,-0.8986425539716281,-0.8913894966559129,-0.8846890154773194,
-0.8098974637843995,-0.8134045696380604,-0.8160256599187027,-0.8179174682092898,-0.8192133630128974,-0.8200264421955199,-0.8204522549457921,-0.8205711925162843,-0.8204505847701971,-0.8201465357230694,
-0.9676101263687154,-0.9559025032286225,-0.9450530438896061,-0.9350002712670132,-0.9256867589870132,-0.9170589067613523,-0.9090667248670158,-0.9016636274974871,-0.8948062347768792,-0.8884541832451133,
-0.8197166606141101,-0.8149325167815545,-0.8108828712567356,-0.8074717457741395,-0.8046151527524993,-0.8022396435261381,-0.8002810237791318,-0.7986832182862525,-0.797397268806275,-0.7963804505645644,
-0.6740264318484486,-0.6954311444335934,-0.7138562265157825,-0.729686049632361,-0.7432581309653767,-0.7548685441323828,-0.7647767399307177,-0.7732098375221022,-0.7803664407412932,-0.7864200289284209,
-0.8647235432678505,-0.8533043904783197,-0.8435886504182039,-0.8353524435711923,-0.8283989899136062,-0.8225555458289714,-0.8176706652892641,-0.8136117531883204,-0.810262881679991,-0.8075228430860089,
-0.7720584308167745,-0.7681744592122025,-0.7651046953047596,-0.7627484348584412,-0.7610156904298641,-0.7598260862207542,-0.7591078708780975,-0.7587970349316763,-0.7588365211111305,-0.7591755171579213,
-0.5810428640838902,-0.5980942058074721,-0.6139610410678046,-0.6287123229517738,-0.6424147484214858,-0.6551325760923551,-0.6669274941108108,-0.677858531067686,-0.6879820036769635,-0.6973514956653564,
-1.1169336241983634,-1.0878204889306713,-1.061706800256443,-1.0382677272869887,-1.0172136744035456,-0.9982865716515956,-0.981256538289694,-0.9659188838782877,-0.9520914145093571,-0.9396120147188224,
-0.5354489498861885,-0.5730121199434276,-0.6059398979391788,-0.6347644304528202,-0.6599601460354002,-0.6819496909685945,-0.701109287478582,-0.7177735673247948,-0.7322399291425925,-0.7447724637407652,
-0.6656004896938306,-0.6809066376566226,-0.6945503836654552,-0.7067045741014243,-0.7175254588136658,-0.7271541152601224,-0.7357177689038441,-0.7433310154419078,-0.7500969503751873,-0.756108211324067,
-0.8758227538519672,-0.8646309136275155,-0.8550369212046303,-0.8468321005742226,-0.8398330456097091,-0.8338787749264308,-0.8288281840277877,-0.8245577660356063,-0.8209595748455483,-0.817939406886986,
-0.8198572246236188,-0.810115325451869,-0.801951658303401,-0.7951653724216846,-0.789579003381429,-0.7850358603554516,-0.7813976969288452,-0.7785426356569392,-0.7763633195707869,-0.7747652665528914,
-0.797465483622477,-0.7953535924426476,-0.7938070599524478,-0.7927329721233474,-0.7920508301866694,-0.7916911198726866,-0.791594024577674,-0.7917082699670548,-0.7919900884183878,-0.7924022925576658,
-0.9659781950366474,-0.9531842477661467,-0.9418882193592125,-0.9318746587616493,-0.9229592161529514,-0.9149844398421165,-0.9078160993537251,-0.901339973531576,-0.8954590491116532,-0.8900910811715086,
-0.7090204054318032,-0.71688077040484,-0.7243319666675789,-0.7313621215930473,-0.7379667362490745,-0.7441473174055175,-0.7499102024006158,-0.7552655533727968,-0.7602264999492573,-0.7648084118055894,
-0.7924414733825066,-0.786889590106911,-0.7822342372820275,-0.7783840916584434,-0.7752546228296683,-0.7727678126838835,-0.7708518550596505,-0.7694408423699743,-0.7684744448754538,-0.7678975873399712,
-0.8932741222684857,-0.8813167059318815,-0.8708986598639831,-0.8618324818505049,-0.8539524838410038,-0.8471123583329897,-0.8411830054308609,-0.836050593769449,-0.8316148311376617,-0.8277874230334042,
-0.9326848344026414,-0.9181112591744562,-0.9051262859913783,-0.8935661021927113,-0.8832828251458976,-0.8741430596656008,-0.8660265742084199,-0.8588250873511957,-0.8524411565297344,-0.8467871614735288,
-0.6312586500936301,-0.6640572949181205,-0.6921989637894501,-0.7162723538644328,-0.7367967758334635,-0.7542298961874189,-0.7689746585329494,-0.781385466637465,-0.7917737039924946,-0.8004126575036088,
-1.2710618903837587,-1.2248577303530648,-1.1835288446873715,-1.1465475718526452,-1.1134429786876856,-1.0837949357231358,-1.0572287853372542,-1.0334105464401153,-1.012042604417625,-0.9928598396842832,
-0.8364559960589285,-0.841949412368056,-0.846403441723168,-0.8499431752992372,-0.8526809302041961,-0.8547174493241605,-0.856142993542477,-0.857038335769943,-0.8574756654014126,-0.8575194110635976,
-1.196918776159106,-1.1518265202201958,-1.1122944640559265,-1.0776356164761631,-1.0472449737975735,-1.0205902221527698,-0.9972034349955892,-0.9766736656094176,-0.9586403438857175,-0.942787395265272,
-0.7784873321323633,-0.781923151233854,-0.7852158331321809,-0.7883453299081294,-0.7912970996948392,-0.794061315000782,-0.7966321569423509,-0.7990071878932333,-0.8011867955683001,-0.8031737020484165,
-1.3670609928826467,-1.3050119636771804,-1.2500325833039923,-1.2013211331641633,-1.158164244752793,-1.1199275776604334,-1.0860474304642236,-1.0560231966078106,-1.0294105851118882,-1.0058155330675242,
-0.9540509466323487,-0.9402563061421447,-0.9277463714777887,-0.9164084201207763,-0.9061384520939222,-0.8968406636272725,-0.8884269345259399,-0.8808163314901308,-0.8739346291447825,-0.8677138501061811,
-0.977539383414661,-0.9619965170270278,-0.9481523674799683,-0.9358050609597282,-0.9247764222530829,-0.9149093520251379,-0.9060654730793597,-0.8981230202175193,-0.8909749505079038,-0.8845272527893829,
-1.209091770834914,-1.1688866643746632,-1.1328591754326165,-1.1005714533731483,-1.0716306346231677,-1.0456844056641363,-1.0224169798095637,-1.001545451755763,-0.9828164967750225,-0.9660033840943173,
-1.0393837365114846,-1.0177889653930003,-0.9983926322253536,-0.9809595826585585,-0.9652799140803338,-1.4593889468227705,-1.3887101155342518,-1.3257980891889056,-1.2698109337402725,-1.219994940632025,
-1.5395255627235658,-1.4600526621575274,-1.3892979662454519,-1.3263200243365736,-1.2702755548536235,-1.2204096777997548,-1.1760470675284576,-1.136583944165455,-1.101480828843337,-1.0702559941592036,
-1.539732446828266,-1.4602435046064797,-1.389475054602102,-1.3264852150298287,-1.2704303501380951,-1.220555290506293,-1.1761844753345372,-1.1367139348941455,-1.1016040381042318,-1.070372936472323,
-1.5403730764400407,-1.460832055976281,-1.390015094979509,-1.3269801897251652,-1.2708835632070046,-1.2209698911238762,-1.1765634489033903,-1.1370600980591143,-1.101920036960363,-1.0706612473527013,
-1.5400321440955584,-1.460536225597996,-1.3897585254456417,-1.3267577634671988,-1.2706908014707874,-1.220802878540085,-1.1764187664171182,-1.1369347633571352,-1.1018114516159603,-1.070567149982437,
-1.5408640906609714,-1.4612732916264652,-1.3904123863569327,-1.3273386401283658,-1.271207636043348,-1.2212634901345278,-1.1768299887319953,-1.1373025662615743,-1.1021410484362344,-1.0708630920734326,
-1.5405572951023208,-1.4610112110049687,-1.390188203303162,-1.3271465347205091,-1.2710426499878542,-1.2211214080196808,-1.1767072343776352,-1.137196112398593,-1.1020483381393227,-1.0707819705417518,
-1.5407990261244078,-1.461216537013048,-1.3903628098101122,-1.3272952640000297,-1.2711696167086728,-1.221230100295576,-1.176800601923661,-1.1372766433040824,-1.1021181256059844,-1.0708427707888188,
-1.5408527438049706,-1.4612611895964982,-1.3903998494657497,-1.3273259264390656,-1.2711949510254366,-1.221250995009733,-1.1768178076696971,-1.1372907925660278,-1.1021297498518259,-1.0708523153199367,
-1.5408112437448729,-1.4612248957726706,-1.3903680533344218,-1.3272980164233705,-1.2711703997355284,-1.2212293480554306,-1.176798673879402,-1.137273835446023,-1.1021146801383641,-1.070838884492936,
-1.541002926811179,-1.4613982506108356,-1.390524816812962,-1.3274397664191988,-1.2712985688198966,-1.2213452361000756,-1.176903459658738,-1.137368587306747,-1.1022003658034758,-1.070916380063065,
-1.5410757240916166,-1.4614659048068208,-1.3905877141304588,-1.3274982579098744,-1.271352974475684,-1.2213958483898226,-1.1769505465861314,-1.1374123950577506,-1.1022411210420542,-1.0709542919256732,
-1.5411409041218196,-1.4615289128540396,-1.390648056911646,-1.3275555895837137,-1.2714070702279316,-1.2214465818517273,-1.1769978706012152,-1.1374563253672338,-1.1022817225085186,-1.0709916669587312,
-1.5411454192952534,-1.4615345786153335,-1.390654512658644,-1.3275625428973965,-1.2714142864156173,-1.2214538748882466,-1.1770050953005509,-1.1374633706353448,-1.1022885055444802,-1.0709981282860677,
-1.541155275881476,-1.461543033929713,-1.3906617522422624,-1.3275687296214043,-1.2714195630184288,-1.2214583662553873,-1.1770089105103614,-1.1374666047919582,-1.102291241417797,-1.0710004377769042,
-1.5411649765387367,-1.4615538955073042,-1.3906733562073372,-1.3275807378747497,-1.2714317054948883,-1.2214704301887194,-1.1770207311623908,-1.1374780574676855,-1.102302234607771,-1.0710109072858547,
-1.5412063825290188,-1.4615915489106248,-1.3907076428467455,-1.3276120007341694,-1.271460249539419,-1.2214965266575288,-1.1770446213891201,-1.1374999562778876,-1.1023223333380656,-1.071029376465019,
-1.5411947992505972,-1.461580435903733,-1.3906970586404312,-1.327601983498164,-1.271450820870795,-1.2214876948060638,-1.1770363839934403,-1.1374923026762243,-1.1023152465100197,-1.0710228346540926,
-1.5412810480478762,-1.4616590656304875,-1.3907687596684508,-1.3276673840460456,-1.2715104923309561,-1.2215421566557176,-1.1770861083175874,-1.1375377183292346,-1.1023567429409966,-1.0710607654197895,
-1.5412512762098443,-1.4616320889429362,-1.3907442846258369,-1.327645149910802,-1.2714902674645803,-1.2215237352473882,-1.1770693074692815,-1.137522375460365,-1.1023427134791637,-1.0710479207475825,
-1.5413127732969174,-1.4616875572604882,-1.3907943881413187,-1.3276904746150955,-1.2715313305824463,-1.2215609933924745,-1.1771031638590241,-1.137553186294185,-1.102370793572608,-1.0710735485053537,
-1.5413514470315488,-1.4617232995179343,-1.3908274429193557,-1.3277210637916879,-1.2715596559836306,-1.2215872386705087,-1.177127496197496,-1.1375757579553814,-1.1023917433011345,-1.0710930028008334,
-1.541341562908702,-1.4617143685511427,-1.3908193707449958,-1.3277137651856037,-1.27155305403193,-1.221581264008307,-1.1771220863107876,-1.1375708565414695,-1.1023872996833521,-1.0710889713935166,
-1.5413444297764558,-1.4617168098505975,-1.3908214447667286,-1.3277155230030055,-1.2715545403085546,-1.2215825177236301,-1.1771231414117895,-1.1375717425268588,-1.102388042126683,-1.0710895924109474,
-1.5413491121759435,-1.4617212107479285,-1.390825576809334,-1.32771939884332,-1.2715581725040168,-1.221585918653182,-1.1771263232070412,-1.137574717016225,-1.1023908207909432,-1.0710921863488094,
-1.5413512477637115,-1.4617231274769589,-1.3908272938318955,-1.3277209340352407,-1.2715595424948662,-1.2215871388654933,-1.1771274079023994,-1.137575679346378,-1.1023916728523822,-1.0710929392395223,
-1.541362347475092,-1.4617332294627419,-1.3908364961323967,-1.3277293245497668,-1.2715672000303524,-1.2215941340805876,-1.1771338041568606,-1.1375815334647765,-1.1023970358102975,-1.0710978567797014,
-1.541366620533833,-1.4617371691277774,-1.39084013792556,-1.327732699160999,-1.271570334007817,-1.2215970504270475,-1.1771365228441182,-1.1375840718766017,-1.1023994091230607,-1.0711000782888032,
-1.5414010576199024,-1.4617684439167569,-1.390868586345769,-1.3277586177948837,-1.271593984810781,-1.2216186648939489,-1.1771563056851742,-1.137602204257942,-1.102416051521232,-1.071115373003274,
-1.5414014799963573,-1.4617688299310931,-1.3908689422343021,-1.3277589486865542,-1.271594294893501,-1.2216189575597391,-1.1771565836564188,-1.137602469696867,-1.102416306124526,-1.0711156180835717,
-1.5414002255338142,-1.4617675410396072,-1.3908676425935866,-1.3277576571541851,-1.271593026262047,-1.2216177232108594,-1.177155392124505,-1.1376013271534016,-1.1024152167930783,-1.0711145845942405,
-1.5413927702318013,-1.4617608363165722,-1.390861609032081,-1.327752223927284,-1.2715881302098477,-1.2216133080136398,-1.1771514075628384,-1.1375977284464298,-1.102411964007011,-1.0711116421138986,
-1.541399542389078,-1.4617667775583674,-1.3908668315966732,-1.3277568247859457,-1.2715921930536844,-1.221616904998365,-1.1771546008388376,-1.1376005714986215,-1.102414502826431,-1.071113916220601,
-1.541401536853999,-1.461768915185833,-1.3908690387240934,-1.3277590433349655,-1.271594378008758,-1.2216190222333476,-1.1771566252490204,-1.137602485400309,-1.1024162945904048,-1.0711155791095934,
-1.5413896764778081,-1.4617580058393158,-1.3908590082992185,-1.3277498243374561,-1.2715859074050804,-1.2216112412787175,-1.177149479301633,-1.1375959237262285,-1.1024102701628389,-1.0711100484057023,
-1.5414113187749647,-1.4617775188279114,-1.3908766361924538,-1.3277657811868535,-1.2716003808114456,-1.2216243956663007,-1.1771614588038877,-1.1376068547265665,-1.102420263529238,-1.071119201453926,
-1.5414176241072128,-1.4617834347670475,-1.3908821602383254,-1.3277709171711756,-1.271605137493108,-1.221628785551413,-1.1771654971603258,-1.1376105587663792,-1.1024236517354735,-1.071122293031296,
-1.5414223346375309,-1.461787665656109,-1.3908859632431616,-1.327774338262726,-1.2716082175086387,-1.2216315607743191,-1.1771679998351832,-1.1376128175562674,-1.1024256921278672,-1.071124137698173,
-1.5414207174018728,-1.4617861741006732,-1.3908845897128734,-1.3277730751981889,-1.271607057520489,-1.2216304967008982,-1.1771670247860688,-1.1376119249438648,-1.1024248756890098,-1.0711233915074092,
-1.541423191417879,-1.4617884554307374,-1.3908866918028018,-1.327775010865023,-1.2716088389260596,-1.2216321353382111,-1.177168531476221,-1.1376133098415346,-1.1024261482948148,-1.0711245606856585,
-1.541423469503273,-1.4617887878036044,-1.3908870578883394,-1.3277753943706396,-1.2716092271361625,-1.221632518509179,-1.1771689023188625,-1.1376136630797744,-1.1024264802906765,-1.071124869121795,
-1.5414236549667901,-1.4617888701366717,-1.388972638277114,-1.3260253778927336,-1.270008149454877,-1.220166503133501,-1.1758254886793744,-1.1363816535837987,-1.101295804265606,-1.0700864617820989,
-1.5389158630269266,-1.4594910420636757,-1.3887805902067145,-1.3258433587828784,-1.2698363459624114,-1.2200049306878495,-1.1756740267943475,-1.1362400757129523,-1.101163802919965,-1.0699636695450145,
-1.5384882640426794,-1.459088369870033,-1.3884038415114277,-1.3254929003161373,-1.2695120454036557,-1.2197062670612009,-1.1754001830655316,-1.1359900160001795,-1.1009363364443263,-1.069757503189437,
-1.5379826436573423,-1.4586584814008714,-1.3880387980567965,-1.3251832896615763,-1.26924974351597,-1.219484273506335,-1.17521247596104,-1.1358314243540117,-1.1008024279501412,-1.0696444857465943,
-1.5386944269973315,-1.459317388387711,-1.3886462054125688,-1.3257410431554444,-1.2697600335149344,-1.2199495313251423,-1.1756352881920293,-1.1362144626875148,-1.101148392291882,-1.0699560587034693,
-1.5396970785227626,-1.4602285597876856,-1.3894762825861253,-1.326499084219996,-1.2704539390802738,-1.2205861940529783,-1.1762207239882387,-1.13675392562801,-1.1016464751604906,-1.0704167808195515,
-1.5389838975345642,-1.4595713871780789,-1.3888699098634514,-1.3259388894028896,-1.2699358133558958,-1.2201064777438395,-1.1757761506835849,-1.1363415734691693,-1.1012637243884453,-1.0700612767986568,
-1.5402913369253213,-1.4607669720771321,-1.3899645765599324,-1.3269423490991805,-1.2708567006339426,-1.2209524807100107,-1.176554125009239,-1.1370576422863186,-1.1019233657705438,-1.0706694003526818,
-1.5407730344851567,-1.461186923670426,-1.3903314386529195,-1.3272635698177655,-1.2711386799008302,-1.2212007105737628,-1.1767733124409845,-1.1372518164773178,-1.1020959717452377,-1.0708233805150165,
-1.5410010172620852,-1.4614006781564342,-1.3905307157832207,-1.3274483990180757,-1.271309308949357,-1.2213575549969413,-1.1769169131641843,-1.1373828046038303,-1.1022150394725918,-1.070931257318612,
-1.5408845061122505,-1.4612988368647233,-1.3904414074044407,-1.3273698023870715,-1.27123987437781,-1.2212959657499456,-1.1768620520182667,-1.1373337248662485,-1.1021709399117885,-1.0708914605184705,
-1.540971202435462,-1.4613738539483283,-1.3905065419406966,-1.3274265769218414,-1.271289576424903,-1.2213396817581252,-1.1769006968162823,-1.1373680671408035,-1.1022016242103323,-1.0709190262122559,
-1.5410393635840003,-1.4614364968886673,-1.3905642315467477,-1.3274798077105743,-1.2713387818913833,-1.2213852425008929,-1.1769429476010154,-1.1374073030333454,-1.1022381058950712,-1.0709529845983707,
-1.5411343210568522,-1.461526016500273,-1.390647914107102,-1.3275574424467866,-1.271410308604638,-1.2214507195672633,-1.1770025250434695,-1.1374611999832898,-1.1022865918430496,-1.0709963639060571,
-1.5411953942469587,-1.461580992137606,-1.3906975345169317,-1.327602349948707,-1.2714510590159083,-1.221487793965677,-1.177036340000174,-1.1374921164522869,-1.1023149228728157,-1.0710223813197826,
-1.541174713964201,-1.4615624746359441,-1.3906809619390093,-1.3275875249623839,-1.2714378030658946,-1.2214759456518383,-1.1770257535760669,-1.1374826604374362,-1.1023064787722705,-1.0710148424445383,
-1.5411768048267422,-1.4615632025186132,-1.3906806174667676,-1.3275863505912466,-1.271436000029581,-1.221473680007452,-1.1770231614551603,-1.1374798525972982,-1.1023035445319704,-1.0710118530809467,
-1.5412025790863086,-1.461588172007665,-1.3907046679983706,-1.327609401624957,-1.271457998846685,-1.2214945967153983,-1.1770429847172914,-1.1374985859957212,-1.1023212034819072,-1.0710284622243331,
-1.541224713977283,-1.461608288522241,-1.3907229471756941,-1.3276260097885233,-1.2714730885282515,-1.2215083075624058,-1.1770554443764571,-1.1375099109671059,-1.1023314999392013,-1.0710378267982592,
-1.5413158447509319,-1.4616909135251883,-1.390797977978592,-1.3276942509810004,-1.2715352505498376,-1.2215650180300661,-1.17710725807725,-1.137557318666611,-1.1023749361401938,-1.0710776765696601,
-1.541332783476331,-1.4617063200707605,-1.3908120106811965,-1.3277070501138626,-1.2715469404531323,-1.2215757089937214,-1.1771170480037578,-1.137566294538603,-1.1023831753149311,-1.071085247920152,
-1.5413397666458273,-1.4617127024996737,-1.3908178466616143,-1.3277123890983724,-1.2715518274352495,-1.2215801848679853,-1.1771211499049608,-1.1375700561600297,-1.1023866272057292,-1.0710884177622235,
-1.541340788261195,-1.4617134539097,-1.390818381368997,-1.3277127517924148,-1.2715520552545545,-1.2215803085019856,-1.1771211945528965,-1.137570042363991,-1.102386571572646,-1.0710883335880668,
-1.5413385736062457,-1.4617117587079627,-1.3908171168778485,-1.3277118423659655,-1.2715514366154943,-1.2215799262191365,-1.1771210027023467,-1.1375700023538409,-1.1023866511133433,-1.071088505792085,
-1.5413370543377674,-1.4617097565366615,-1.390814750573218,-1.3277092108934194,-1.2715486219596672,-1.2215769958453817,-1.1771180116987425,-1.1375669952914718,-1.1023836636585354,-1.0710855661006011,
-1.5413174345751122,-1.4616921500510118,-1.3907989152523639,-1.3276949361382524,-1.2715357245768006,-1.2215653164546352,-1.1771074115943598,-1.1375573537027936,-1.102374875361954,-1.0710775393401104,
-1.5413627400641392,-1.4617333166029989,-1.3908363852301178,-1.3277290995702742,-1.2715669254952588,-1.2215938584843078,-1.177133562877184,-1.1375813512335902,-1.1023969288027422,-1.0710978343731008,
-1.541374514618108,-1.4617439204303908,-1.3908459448020398,-1.327737727217208,-1.2715747209634327,-1.2216009103290373,-1.1771399497091037,-1.1375871428322595,-1.102402187110818,-1.0711026143830478,
-1.5413679533578304,-1.4617379919558278,-1.390840599604951,-1.3277329179568396,-1.2715704026690502,-1.2215970405291365,-1.1771364885004991,-1.137584052900348,-1.1023994337106775,-1.0711001652895802,
-1.5413776995971833,-1.4617468895120709,-1.3908487135708199,-1.3277403097417628,-1.2715771300131458,-1.2216031575545732,-1.1771420457927833,-1.1375890976131628,-1.1024040096887993,-1.071104313205229,
-1.5414079937598724,-1.461774551331749,-1.3908739831506602,-1.3277634048564144,-1.2715982481335193,-1.2216224777008957,-1.1771597302289967,-1.1376052933949177,-1.1024188500764895,-1.0711179189527382,
-1.5414042819464022,-1.461771185218646,-1.3908709237478167,-1.3277606180630188,-1.2715957041203503,-1.2216201503672623,-1.1771575967258787,-1.1376033337067397,-1.102417046654752,-1.071116256395479,
-1.5414123084447406,-1.4617784801829197,-1.390877566632843,-1.3277666786623068,-1.2716012437677042,-1.221625222993496,-1.177162249787227,-1.1376076089997391,-1.1024209810307815,-1.0711198823867085,
-1.5414086325512075,-1.4617751549997533,-1.39087455323315,-1.3277639428648382,-1.2715987555472663,-1.2216229559626794,-1.1771601807412209,-1.1376057175168999,-1.1024192491224283,-1.0711182941903432,
-1.5414135794778114,-1.4617796354000387,-1.3908786181659938,-1.3277676372448621,-1.271602118899618,-1.2216260230874354,-1.1771629822977445,-1.137608280537363,-1.102421597462732,-1.0711204489257098,
-1.5414126390552574,-1.4617787764163896,-1.3908778328819127,-1.3277669187206669,-1.2716014609087538,-1.2216254200394236,-1.17716242916958,-1.137607772812448,-1.1024211310765022,-1.0711200202172457,
-1.5414165442024959,-1.461782460683589,-1.3908812804521964,-1.327770121338964,-1.2716044163547806,-1.221628130837562,-1.1771649015041852,-1.1376100156208617,-1.1024231552953576,-1.0711218381606107,
-1.5414185024727547,-1.4617841461997443,-1.3908827439232887,-1.3277714046096216,-1.2716055537673248,-1.2216291504084196,-1.1771658259374438,-1.1376108631792152,-1.1024239405464096,-1.0711225726144482,
-1.541420314466255,-1.461785772165855,-1.3908841944138632,-1.3277726908663945,-1.271606687394965,-1.2216301431114707,-1.1771666893115382,-1.1376116085481782,-1.1024245788379934,-1.0711231142684032,
-1.541418169487496,-1.4617837959139477,-1.3908823829934067,-1.327771038721667,-1.2716051877287606,-1.221628788236148,-1.1771654709412283,-1.137610518040115,-1.1024236073899718,-1.071122253078518,
-1.5414252057754385,-1.4617902740002076,-1.3908883439769784,-1.327776521151398,-1.2716102276946566,-1.2216334194672385,-1.1771697249080775,-1.137614424060337,-1.102427192735322,-1.0711255430823723,
-1.5414289493422113,-1.4617939049017328,-1.3908918338669085,-1.390887060554375,-1.3277753367719742,-1.2716091252137938,-1.2216323852638231,-1.177168748262615,-1.1376134966267257,-1.1024263080938945,
-1.5414290868977996,-1.4617940847709185,-1.3908920432478709,-1.3277800786520846,-1.2716136220990124,-1.221636636745634,-1.177172756928193,-1.1376172674037264,-1.1024298477008077,-1.0711280128508178,
-1.5414295980030848,-1.4617945290604364,-1.3908924272130756,-1.3277804083278875,-1.2716139030751483,-1.221636874181557,-1.1771729555705905,-1.1376174316058805,-1.1024299814431722,-1.071128119762296,
-1.541434501736316,-1.4617990856096663,-1.3908966505183356,-1.3277843137183678,-1.271617506799827,-1.22164019302051,-1.1771760065160826,-1.1376202316036008,-1.1024325471851164,-1.0711304675237974,
-1.5414343306229132,-1.4617989321981777,-1.3908965118921373,-1.3277841874258207,-1.271617390791986,-1.221640085595667,-1.177175906270564,-1.1376201373882722,-1.1024324580670726,-1.0711303827527447,
-1.5414339776443229,-1.4617986507648124,-1.3908962906648494,-1.327784016725632,-1.2716172623679112,-1.221639992423508,-1.1771758423787542,-1.1376200977073454,-1.1024324382997164,-1.0711303792617812,
-1.5414346509241608,-1.4617992054314068,-1.3908967458133086,-1.3277843885874205,-1.271617564710862,-1.2216402368999817,-1.177176038828173,-1.137620254418617,-1.1024325622384636,-1.071130476266731,
-1.5414342242620092,-1.461798819457463,-1.3908963974653208,-1.3277840749389607,-1.2716172829790704,-1.2216399844503387,-1.1771758131767842,-1.137620053232442,-1.102432383333849,-1.0711303176065823,
-1.5414347954521475,-1.461799334066294,-1.390896860148494,-1.3277844900635072,-1.2716176546303255,-1.2216403164403793,-1.1771761090540496,-1.1376203162922354,-1.1024326166294878,-1.0711305239609588,
-1.5414346326343962,-1.4617991863613335,-1.3908967263516678,-1.3277843690451148,-1.2716175453333785,-1.2216402178780799,-1.1771760203070598,-1.137620236505805,-1.1024325450104664,-1.071130459774762,
-1.54144008645633,-1.4618041424250396,-1.3909012291247882,-1.3277884592314222,-1.2716212601603214,-1.2216435913663894,-1.177179083523003,-1.1376230177967313,-1.1024350702243635,-1.0711327524645324,
-1.5414396345500412,-1.4618037225804448,-1.3909008405804082,-1.3277881009323866,-1.2716209308352127,-1.2216432895911342,-1.1771788077736232,-1.1376227664925136,-1.1024348417628322,-1.0711325452494265,
-1.5414401162999827,-1.4618041738700542,-1.3909012613920684,-1.3277884916909566,-1.2716212923089898,-1.2216436228086465,-1.1771791139540997,-1.1376230469881827,-1.1024350980113853,-1.0711327787352134,
-1.5414413666518378,-1.4618053256590398,-1.3909023210111928,-1.3277894653364148,-1.2716221859474701,-1.2216444421534554,-1.1771798644487144,-1.1376237337960133,-1.102435726010693,-1.0711333525182705,
-1.5414421452814273,-1.461806036577563,-1.3909029704495153,-1.3277900589387321,-1.2716227288252981,-1.221644938934955,-1.1771803193237187,-1.1376241505570908,-1.102436108090571,-1.071133703023911,
-1.541441743008618,-1.4618056786162037,-1.3909026515981466,-1.3277897746547889,-1.2716224751384855,-1.2216447123718408,-1.1771801168421672,-1.1376239694893093,-1.102435946093696,-1.071133558037165,
-1.5414426076199057,-1.4618064626520073,-1.3909033623573532,-1.327790418790771,-1.2716230587152164,-1.2216452409151968,-1.177180595386805,-1.1376244026215163,-1.102436337990535,-1.0711339125022543,
-1.5414265550111006,-1.461791591709016,-1.3908896114747162,-1.3277777250020928,-1.271611358755739,-1.2216344720765506,-1.1771706961943325,-1.1376153133607732,-1.1024280011062157,-1.071126272889796,
-1.541430559216705,-1.4617953035133924,-1.390893047661884,-1.3277809021872828,-1.271614293226345,-1.2216371796674312,-1.177173192192396,-1.137617612434356,-1.1024301172553688,-1.0711282194140577,
-1.5414294848348118,-1.4617943132041702,-1.3908921364959081,-1.3277800652712035,-1.2716135257525056,-1.2216364769530994,-1.1771725497101069,-1.137617025834695,-1.102429582383362,-1.071127732320175,
-1.541428359991743,-1.4617933866820187,-1.39089137906459,-1.3277794517445778,-1.2716130344502918,-1.2216360892311715,-1.1771722495510077,-1.1376167994910948,-1.102429418068002,-1.0711276199365751,
-1.5414343875744672,-1.4617989043661896,-1.39089642376414,-1.327784058704075,-1.271617237149547,-1.2216399193295946,-1.1771757368646676,-1.1376199719964335,-1.1024323019269928,-1.071130239538863,
-1.5414337096616109,-1.4617983936058505,-1.3908960480904669,-1.3277837913199364,-1.2716170557575868,-1.2216398054646516,-1.1771756753153875,-1.1376199503052522,-1.102432309958841,-1.0711302691100664,
-1.5414337582825075,-1.4617983811817035,-1.3908959918687294,-1.3277837053216848,-1.2716169512630489,-1.2216396914357435,-1.1771755587625157,-1.1376198366048764,-1.1024322031276348,-1.0711301720408641,
-1.5414310216154667,-1.461795818759484,-1.3908935972903136,-1.32778147140372,-1.2716148703024281,-1.2216377554241429,-1.1771737595599254,-1.1376181660782885,-1.1024306532602353,-1.0711287350163943,
-1.5414338743606473,-1.4617984398990091,-1.3908960043073055,-1.327783680742279,-1.2716168973797548,-1.2216396146525303,-1.1771754643764494,-1.1376197289803325,-1.1024320858453052,-1.0711300480248942,
-1.5414381699972945,-1.461802403462946,-1.3908996510333007,-1.3277870269408043,-1.2716199600138842,-1.2216424109897903,-1.1771780117053026,-1.1376220443821878,-1.1024341860140459,-1.0711319491268882,
-1.541437915782722,-1.4618021596626949,-1.390899417294367,-1.3277868029326023,-1.2716197454248983,-1.2216422055246527,-1.177177815082262,-1.1376218563309368,-1.1024340062738542,-1.0711317774450384,
-1.5414409244058738,-1.4618049254209051,-1.390901958555634,-1.3277891368869548,-1.271621888127506,-1.221644171942609,-1.1771796191439023,-1.1376235109767483,-1.1024355235081742,-1.071133168387874,
-1.5414420123179147,-1.461805922866616,-1.39090287274752,-1.327789974529724,-1.2716226554428518,-1.2216448746945112,-1.1771802626640808,-1.1376241001899727,-1.1024360629571952,-1.0711336622577667,
-1.541442460912116,-1.461806336105069,-1.390903252959009,-1.3277903239759008,-1.271622976303191,-1.2216451690553396,-1.1771805325110083,-1.1376243474031402,-1.1024362893088362,-1.0711338694116561,
-1.5414423073052193,-1.461806194377542,-1.390903122460537,-1.3277902040466543,-1.2716228662839684,-1.2216450682956905,-1.177180440375647,-1.137624263276901,-1.1024362126003948,-1.0711337995562153,
-1.5414424933874116,-1.46180636582185,-1.3909032801546173,-1.3277903488678593,-1.271622999090748,-1.2216451899208995,-1.177180551621461,-1.1376243649110949,-1.1024363053537682,-1.0711338841209672,
-1.541442466045622,-1.4618063405156305,-1.3909032567283242,-1.3277903271772782,-1.2716229790024414,-1.2216451713115526,-1.177180534377238,-1.1376243489270137,-1.1024362905330893,-1.0711338703746125,
-1.5414245076672346,-1.4617897927357157,-1.3908880364649197,-1.3277763515118508,-1.2716101661857413,-1.221633441556395,-1.177169810470192,-1.137614556686909,-1.102427359140726,-1.0711257325948256,
-1.541431226704289,-1.4617959997603447,-1.390893754576722,-1.327781605681356,-1.2716149825356122,-1.221637846772503,-1.1771738313242084,-1.1376182196543247,-1.1024306901001535,-1.0711287565962506,
-1.541429320089917,-1.4617942415791034,-1.3908921358585733,-1.3277801175650397,-1.2716136163541796,-1.221636594119856,-1.1771726841055237,-1.1376171701228763,-1.1024297308827258,-1.0711278807090456,
-1.541430782178019,-1.4617957027738815,-1.3908935744291744,-1.3277815169516107,-1.2716149642829495,-1.2216378818462708,-1.1771739057690052,-1.137618322198672,-1.1024308117180417,-1.07112889013216,
-1.541433499842721,-1.4617981258997128,-1.3908957374069708,-1.3277834499371015,-1.2716166937273303,-1.2216394309613974,-1.177175294934939,-1.1376195693204563,-1.1024319325378011,-1.0711298985019266,
-1.5414317842806295,-1.4617965922610312,-1.390894365760654,-1.327782222602149,-1.2716155950138353,-1.2216384469414763,-1.1771744132401492,-1.1376187789626953,-1.1024312237509737,-1.0711292626020095,
-1.54143434076703,-1.461798917920095,-1.390896478713048,-1.327784139896207,-1.2716173326419582,-1.2216400198642687,-1.1771758354167279,-1.1376200633857836,-1.1024323824856217,-1.0711303068269287,
-1.541433363338514,-1.461798004100399,-1.3908956262503727,-1.3277833462751973,-1.2716165951641194,-1.221639335715094,-1.1771752017212807,-1.1376194772542783,-1.1024318410503782,-1.0711298072719035,
-1.541432903432178,-1.4617976151143766,-1.390895296992697,-1.3277830672591409,-1.2716163583639195,-1.221639134354252,-1.1771750300893855,-1.1376193305488054,-1.1024317152403107,-1.0711296989803856,
-1.5414388824261287,-1.4618030675683398,-1.390900268322408,-1.3277875992279842,-1.2716204893345755,-1.221642899528619,-1.177178461736548,-1.1376224582209604,-1.1024345659766956,-1.0711322974993447,
-1.5414401137937752,-1.4618041724043762,-1.3909012607532372,-1.327788491730034,-1.2716212929259776,-1.2216436239397086,-1.1771791155613216,-1.1376230490514505,-1.1024351005220334,-1.0711327816911338,
-1.541439308174563,-1.461803452393492,-1.39090061608447,-1.3277879133809596,-1.271620772975385,-1.221643155440016,-1.1771786924245982,-1.137622665947714,-1.1024347527886462,-1.0711324652522014,
-1.5414403393434628,-1.4618044086130295,-1.3909015010263905,-1.327788730915891,-1.2716215270759557,-1.22164385010274,-1.1771793316077221,-1.1376232535226196,-1.102435292502683,-1.071132960701111,
-1.5414418839512631,-1.4618057932380943,-1.390902743481666,-1.327789846971505,-1.271622530690875,-1.2216447536311807,-1.1771801459829074,-1.1376239884202275,-1.10243595648611,-1.0711335613504571,
-1.541442339856128,-1.4618062279882869,-1.390903156031649,-1.32779023674894,-1.271622897510719,-1.221645097621899,-1.177180467523329,-1.1376242880857352,-1.1024362350029824,-1.0711338195573359,
-1.541441936281114,-1.4618058509218856,-1.390902804395163,-1.327789909418854,-1.271622593334671,-1.2216448154326505,-1.1771802061508794,-1.1376240463677063,-1.1024360117934309,-1.0711336137341159,
-0.872919685266609,-0.873050798062044,-0.8727085718255743,-0.8719758547707084,-0.87092380172516,-0.8696134063451668,-0.868096843989442,-0.8664186471580412,-0.8646167330465643,-0.8627233006454477,
-1.0392041316106713,-1.016962428442464,-0.9971526033218918,-0.9794934502300809,-0.9637358987440755,-0.9496595046379467,-0.9370693025480856,-0.9257929854834905,-0.915678379196014,-0.9065911823788808,
-1.0050838114363416,-0.988609163170158,-0.9737708351240857,-0.9603859543529792,-0.9482925033490625,-0.9373470337773033,-0.9274226152801441,-0.9184069968903131,-0.9102009605761867,-0.9027168482680996,
-1.1118291087518297,-1.0819966165986825,-1.0551732224628205,-1.0310559051052426,-1.0093713621611837,-0.9898732053245268,-0.9723394100196737,-0.9565699972194122,-0.942384926984417,-0.9296221850548695,
-1.0609184777708671,-1.0350875221311189,-1.0121204083302011,-0.9916938178467974,-0.973519736027683,-0.9573418234320027,-0.9429321335641444,-0.9300881465680036,-0.9186300908887725,-0.9083985271674455,
-1.0664979081480217,-1.0402890093180786,-1.0169603327028292,-0.9961865966481177,-0.977678528454095,-0.9611790591601063,-0.9464598971815444,-0.9333184455381694,-0.921575030459734,-0.9110704119589021,
-1.1957548909089368,-1.1585463519879056,-1.124969374161267,-1.0946700966925225,-1.0673284506416285,-1.0426550282648082,-1.0203882332644336,-1.000291687405821,-0.9821518711023873,-0.9657759774813284,
-0.9713752576856259,-0.9613007441825767,-0.9518111833045309,-0.9428804396386182,-0.9344817100396827,-0.9265879713131197,-0.9191723415438691,-0.9122083675644824,-0.905670249528484,-0.8995330121924289,
-1.1213751834065302,-1.090871035298516,-1.0635088445798966,-1.038962226607855,-1.0169375125347322,-0.9971706716256274,-0.9794245006227331,-0.9634860591018871,-0.9491643312460064,-0.9362880958497725,
-0.7227608936259365,-0.7378252759587052,-0.7510753372913433,-0.7626968498297121,-0.7728580951305181,-0.7817114464762009,-0.7893948098675256,-0.7960329362528783,-0.8017386164935103,-0.806613769541487,
-1.0496713654733085,-1.0250915836230958,-1.0033241656618936,-0.9840296868618444,-0.9669094452154896,-0.9517007528560608,-0.9381727455197638,-0.9261226560953011,-0.9153725036101942,-0.9057661538169711,
-0.9812603627474958,-0.9698383091376424,-0.9591423281410523,-0.9491334449736675,-0.9397731777098622,-0.9310238591781252,-0.9228488897403485,-0.9152129308872752,-0.9080820484158708,-0.9014238129060064,
-0.8869562750698372,-0.8825811440980081,-0.8785725096051173,-0.8748851044342594,-0.8714792643553082,-0.8683203321989561,-0.8653781144566586,-0.8626263867187816,-0.8600424444799415,-0.8576066960013121,
-0.9384571008430221,-0.9307185601252556,-0.9235612801787271,-0.9169185547519755,-0.9107329931506594,-0.9049552505621034,-0.8995429168706851,-0.8944595459730209,-0.8896738094653817,-0.8851587602625824,
-1.1706544750147432,-1.1337341215854815,-1.1006412777280017,-1.070982408637504,-1.0444032151386569,-1.020584889742206,-0.9992407125198491,-0.9801129575396377,-0.9629700829891861,-0.9476041803154546,
-1.0005462474319762,-0.9782289709778794,-0.9588282314791681,-0.9419586526425713,-0.9272834042297429,-0.9145084841424624,-0.9033776274903491,-0.8936677786611418,-0.8851850684885334,-0.8777612441513347,
-0.8545889998925124,-0.8517859737536582,-0.8492641233844134,-0.8469875239607657,-0.8449242492200495,-0.8430460393466357,-0.8413279833998909,-0.8397482174635693,-0.8382876393096991,-0.8369296400427574,